[{"identifier":{"id":"jerryhong.autofilename","uuid":"32339d9d-6481-4dd4-a7a3-4a6009c12cf4"},"version":"0.1.3","location":{"$mid":1,"path":"/C:/Users/Appedu/Downloads/VSCode-win32-x64-1.85.2/data/extensions/jerryhong.autofilename-0.1.3","scheme":"file"},"relativeLocation":"jerryhong.autofilename-0.1.3","metadata":{"id":"32339d9d-6481-4dd4-a7a3-4a6009c12cf4","publisherId":"3ed95cda-db4a-4ae7-bac1-909b9bacf088","publisherDisplayName":"JerryHong","targetPlatform":"undefined","updated":false,"isPreReleaseVersion":false,"installedTimestamp":1706410057968,"pinned":false,"preRelease":false}},{"identifier":{"id":"yhpnoraa.beauty","uuid":"be1e98f2-6a51-400c-bd4f-9249884c4d08"},"version":"0.0.2","location":{"$mid":1,"path":"/C:/Users/Appedu/Downloads/VSCode-win32-x64-1.85.2/data/extensions/yhpnoraa.beauty-0.0.2","scheme":"file"},"relativeLocation":"yhpnoraa.beauty-0.0.2","metadata":{"id":"be1e98f2-6a51-400c-bd4f-9249884c4d08","publisherId":"7d0ada61-125d-4d9c-94a4-989183d339a1","publisherDisplayName":"yhpnoraa","targetPlatform":"undefined","updated":false,"isPreReleaseVersion":false,"installedTimestamp":1706410081605,"pinned":false,"preRelease":false}},{"identifier":{"id":"ms-ceintl.vscode-language-pack-zh-hant","uuid":"64d05954-748a-433f-ba3e-edba0227e28e"},"version":"1.85.2024011709","location":{"$mid":1,"path":"/C:/Users/Appedu/Downloads/VSCode-win32-x64-1.85.2/data/extensions/ms-ceintl.vscode-language-pack-zh-hant-1.85.2024011709","scheme":"file"},"relativeLocation":"ms-ceintl.vscode-language-pack-zh-hant-1.85.2024011709","metadata":{"id":"64d05954-748a-433f-ba3e-edba0227e28e","publisherId":"0b0882c3-aee3-4d7c-b5f9-872f9be0a115","publisherDisplayName":"Microsoft","targetPlatform":"undefined","isApplicationScoped":true,"updated":false,"isPreReleaseVersion":false,"installedTimestamp":1706410091367,"pinned":false,"preRelease":false}},{"identifier":{"id":"ritwickdey.liveserver","uuid":"b63c44fd-0457-4696-99e9-dbfdf70d77de"},"version":"5.7.9","location":{"$mid":1,"path":"/C:/Users/Appedu/Downloads/VSCode-win32-x64-1.85.2/data/extensions/ritwickdey.liveserver-5.7.9","scheme":"file"},"relativeLocation":"ritwickdey.liveserver-5.7.9","metadata":{"id":"b63c44fd-0457-4696-99e9-dbfdf70d77de","publisherId":"17fd9a78-e430-4a78-add2-ade4a8830352","publisherDisplayName":"Ritwick Dey","targetPlatform":"undefined","updated":false,"isPreReleaseVersion":false,"installedTimestamp":1706410121788,"pinned":false,"preRelease":false}},{"identifier":{"id":"pkief.material-icon-theme","uuid":"5db78037-f674-459f-a236-db622c427c5b"},"version":"4.33.0","location":{"$mid":1,"path":"/C:/Users/Appedu/Downloads/VSCode-win32-x64-1.85.2/data/extensions/pkief.material-icon-theme-4.33.0","scheme":"file"},"relativeLocation":"pkief.material-icon-theme-4.33.0","metadata":{"id":"5db78037-f674-459f-a236-db622c427c5b","publisherId":"f9e5bc2f-fea1-4075-917f-d83e01e69f56","publisherDisplayName":"Philipp Kief","targetPlatform":"undefined","updated":false,"isPreReleaseVersion":false,"installedTimestamp":1706410150579,"pinned":false,"preRelease":false}},{"identifier":{"id":"mhutchie.git-graph","uuid":"438221f8-1107-4ccd-a6fe-f3b7fe0856b7"},"version":"1.30.0","location":{"$mid":1,"path":"/C:/Users/Appedu/Downloads/VSCode-win32-x64-1.85.2/data/extensions/mhutchie.git-graph-1.30.0","scheme":"file"},"relativeLocation":"mhutchie.git-graph-1.30.0","metadata":{"id":"438221f8-1107-4ccd-a6fe-f3b7fe0856b7","publisherId":"996496dc-099f-469d-b89c-0d7713179365","publisherDisplayName":"mhutchie","targetPlatform":"undefined","updated":false,"isPreReleaseVersion":false,"installedTimestamp":1706410157361,"pinned":false,"preRelease":false}},{"identifier":{"id":"xabikos.javascriptsnippets","uuid":"a2cec723-5349-460d-9de9-0fd1f8d3456f"},"version":"1.8.0","location":{"$mid":1,"path":"/C:/Users/Appedu/Downloads/VSCode-win32-x64-1.85.2/data/extensions/xabikos.javascriptsnippets-1.8.0","scheme":"file"},"relativeLocation":"xabikos.javascriptsnippets-1.8.0","metadata":{"id":"a2cec723-5349-460d-9de9-0fd1f8d3456f","publisherId":"8961c3fe-3ec6-429d-886a-50b5af362a88","publisherDisplayName":"charalampos karypidis","targetPlatform":"undefined","updated":false,"isPreReleaseVersion":false,"installedTimestamp":1706410233165,"pinned":false,"preRelease":false}},{"identifier":{"id":"techer.open-in-browser","uuid":"fef63133-dae3-40fb-b81d-6da7617b4b1e"},"version":"2.0.0","location":{"$mid":1,"path":"/C:/Users/Appedu/Downloads/VSCode-win32-x64-1.85.2/data/extensions/techer.open-in-browser-2.0.0","scheme":"file"},"relativeLocation":"techer.open-in-browser-2.0.0","metadata":{"id":"fef63133-dae3-40fb-b81d-6da7617b4b1e","publisherId":"48ab6153-4317-4c20-8150-3c6f6065e415","publisherDisplayName":"TechER","targetPlatform":"undefined","updated":false,"isPreReleaseVersion":false,"installedTimestamp":1706410244292,"pinned":false,"preRelease":false}},{"identifier":{"id":"vscode-icons-team.vscode-icons","uuid":"9ccc1dd7-7ec4-4a46-bd4f-7d7b8b9d322a"},"version":"12.7.0","location":{"$mid":1,"fsPath":"c:\\Users\\Appedu\\Downloads\\VSCode-win32-x64-1.85.2\\data\\extensions\\vscode-icons-team.vscode-icons-12.7.0","_sep":1,"external":"file:///c%3A/Users/Appedu/Downloads/VSCode-win32-x64-1.85.2/data/extensions/vscode-icons-team.vscode-icons-12.7.0","path":"/c:/Users/Appedu/Downloads/VSCode-win32-x64-1.85.2/data/extensions/vscode-icons-team.vscode-icons-12.7.0","scheme":"file"},"relativeLocation":"vscode-icons-team.vscode-icons-12.7.0","metadata":{"id":"9ccc1dd7-7ec4-4a46-bd4f-7d7b8b9d322a","publisherId":"652ad61d-3a6a-48ca-ab1a-80dc8953b2b6","publisherDisplayName":"VSCode Icons Team","targetPlatform":"undefined","updated":false,"isPreReleaseVersion":false,"installedTimestamp":1706410284103,"pinned":false,"preRelease":false}}]