{"vs/base/browser/ui/actionbar/actionViewItems":["{0} ({1})"],"vs/base/browser/ui/findinput/findInput":["輸入"],"vs/base/browser/ui/findinput/findInputToggles":["大小寫須相符","全字拼寫須相符","使用規則運算式"],"vs/base/browser/ui/iconLabel/iconLabelHover":["正在載入..."],"vs/base/browser/ui/inputbox/inputBox":["錯誤: {0}","警告: {0}","資訊: {0}"," 或 {0} 以取得歷程記錄"," ({0} 以取得歷程記錄)","已清除輸入"],"vs/base/browser/ui/selectBox/selectBoxCustom":["選取方塊"],"vs/base/browser/ui/tree/abstractTree":["篩選","模糊比對","要篩選的類型","要搜尋的類型","要搜尋的類型","關閉","找不到任何元素。"],"vs/base/common/actions":["(空的)"],"vs/base/common/platform":["_"],"vs/code/electron-sandbox/processExplorer/processExplorerMain":["流程名稱","CPU (%)","PID","記憶體 (MB)","終止處理序","強制終止處理序","複製","全部複製","偵錯"],"vs/platform/files/common/files":["未知的錯誤","{0}B","{0}KB","{0}MB","{0}GB","{0}TB"],"vs/platform/theme/common/iconRegistry":["要使用的字型識別碼。如未設定，就會使用最先定義的字型。","與圖示定義建立關聯的字型字元。","小工具中關閉動作的圖示。","移至上一個編輯器位置的圖示。","移至下一個編輯器位置的圖示。"]}