{"vs/base/browser/ui/button/button":["更多動作..."],"vs/base/common/actions":["(空的)"],"vs/base/common/platform":["_"],"vs/code/electron-sandbox/issue/issueReporterPage":["包含我的系統資訊","包含我目前正在執行的程序","包含我的工作區中繼資料","包含我已啟用延伸模組","包含 A/B 實驗資訊","包含其他擴充功能資訊","在這裡回報問題之前，請<a href=\"https://github.com/microsoft/vscode/wiki/Submitting-Bugs-and-Suggestions\" target=\"_blank\">檢閱我們提供的指導</a>。","請用英文填寫表單。","這是一個","提出位置","需要問題來源。","嘗試在 {0} 之後重現問題。如果問題僅在使用中的延伸模組時重現，則可能是延伸模組的問題。","停用所有延伸模組並重新載入視窗","延伸模組","問題回報工具無法建立此延伸模組的問題。請前往 {0} 回報問題。","因為問題報告程式未指定用來回報問題的 URL，所以無法為此延伸模組建立問題。請查看此延伸模組的市集頁面，來了解是否有其他可用的指示。","標題","請輸入標題。","需要標題。","標題太長。","請輸入詳細資料。","需要描述。","顯示","擴充功能沒有其他資料可包含。","顯示","顯示","顯示","顯示","顯示"],"vs/code/electron-sandbox/issue/issueReporterService":["隱藏","顯示","在 GitHub 上建立","在 GitHub 上預覽","正在載入資料...","GitHub 查詢已超出限制。請稍候。","相似的問題","開啟","已解決","開啟","已解決","未發現相似的問題","錯誤報告","功能要求","效能問題","選取來源","Visual Studio Code","延伸模組","延伸模組市集","不知道","此延伸模組會處理 VS Code 以外的問題","'{0}' 延伸模組偏好使用外部問題報告者。若要瞭解該問題報告體驗，請按一下下方按鈕。","開啟外部問題回報工具","重現步驟","請共用必要步驟以確實複製問題。請包含實際與預期的結果。我們支援 GitHub 慣用的 Markdown 語言。當我們在 GitHub 進行預覽時，您仍可編輯問題和新增螢幕擷取畫面。","重現步驟","效能問題的發生時間點為何? 問題是在啟動或經過一組特定動作後發生的? 我們支援 GitHub 慣用的 Markdown 語言。當我們在 GitHub 上進行預覽時，您仍可編輯問題和新增螢幕擷取畫面。","描述","請描述您希望新增的功能。我們支援 GitHub 慣用的 Markdown 語言。當我們在 GitHub 上進行預覽時，您仍可編輯問題和新增螢幕擷取畫面。","因為必要資料太大，我們已為您將其寫入您的剪貼簿。請貼上。","選取延伸模組","延伸模組已停用","沒有任何目前的實驗。"],"vs/platform/theme/common/iconRegistry":["要使用的字型識別碼。如未設定，就會使用最先定義的字型。","與圖示定義建立關聯的字型字元。","小工具中關閉動作的圖示。","移至上一個編輯器位置的圖示。","移至下一個編輯器位置的圖示。"]}