{"vs/base/common/date":["單位為 {0}","現在","{0}秒前","{0} 秒前","{0} 秒前","{0} 秒前","{0} 秒","{0} 秒","{0} 秒","{0} 秒","{0} 分鐘前","{0} 分鐘前","{0} 分鐘前","{0} 分鐘前","{0} 分鐘","{0} 分鐘","{0} 分鐘","{0} 分鐘","{0} 小時前","{0} 小時前","{0} 小時前","{0} 小時前","{0} 小時","{0} 小時","{0} 小時","{0} 小時","{0} 天前","{0} 天前","{0} 天","{0} 天","{0} 週前","{0} 週前","{0} 週前","{0} 週前","{0} 週","{0} 週","{0} 週","{0} 週","{0}個月前","{0} 個月前","{0} 個月前","{0} 個月前","{0} 個月","{0} 個月","{0} 個月","{0} 個月","{0} 年前","{0} 年前","{0} 年前","{0} 年前","{0} 年","{0} 年","{0} 年","{0} 年"],"vs/base/common/errorMessage":["{0}: {1}","發生系統錯誤 ({0})","發生未知的錯誤。如需詳細資訊，請參閱記錄檔。","發生未知的錯誤。如需詳細資訊，請參閱記錄檔。","{0} (總計 {1} 個錯誤)","發生未知的錯誤。如需詳細資訊，請參閱記錄檔。"],"vs/base/common/jsonErrorMessages":["符號無效","數字格式無效","須有屬性名稱","必須有值","必須有冒號","必須為逗號","必須為右大括號","必須為右中括號","必須有檔案結尾"],"vs/base/common/platform":["_"],"vs/code/electron-main/app":["有一個外部應用程式想要在 {1} 中開啟 '{0}'。是否要開啟此工作區檔案?","有一個外部應用程式想要在 {1} 中開啟 '{0}'。是否要開啟此資料夾?","外部應用程式想要在 {1} 中開啟 '{0}'。要開啟這個檔案或資料夾嗎?","是(&&Y)","否(&&N)","如果您未將此要求初始化，表示有人嘗試攻擊您的系統。除非您採取了明確的動作將此要求初始化，否則請按 [否]","允許開啟本機路徑而不詢問","允許開啟遠端路徑而不詢問"],"vs/code/electron-main/main":["主要","{0} 的另一個執行個體已在以系統管理員身分執行。","請關閉其他執行個體，然後再試一次。","另一個 {0} 執行個體正在執行，但沒有回應","請關閉其他所有執行個體，然後再試一次。","警告: --status 引數只能在 {0} 已執行時使用。請在 {0} 啟動後再執行一次。","無法寫入程式使用者資料。","{0}\r\n\r\n請確定可寫入下列目錄:\r\n\r\n{1}","關閉(&&C)"],"vs/platform/configuration/common/configurationRegistry":["預設語言組態覆寫","設定要針對 {0} 語言覆寫的設定。","設定要針對語言覆寫的編輯器設定。","這個設定不支援以語言為根據的組態。","設定要針對語言覆寫的編輯器設定。","這個設定不支援以語言為根據的組態。","無法註冊空白屬性","無法註冊 '{0}'。這符合用於描述語言專用編輯器設定的屬性模式 '\\\\[.*\\\\]$'。請使用 'configurationDefaults' 貢獻。","無法註冊 '{0}'。此屬性已經註冊。","無法註冊 '{0}'。已向 {2} 註冊關聯的原則 {1}。"],"vs/platform/contextkey/common/contextkey":["空的內容索引鍵運算式","您是否忘記撰寫運算式? 您也可以分別放置 'false' 或 'true'，以一律評估為 False 或 True。","'not' 後為 'in'。","右括弧 ')'","未預期的權杖","您是否忘記在權杖之前放置 && 或 ||?","運算式未預期的結尾","您是否忘記放置內容金鑰?","預期: {0}\r\n收到: '{1}'。","未預期的權杖。提示: {0}","未預期的權杖。"],"vs/platform/contextkey/common/scanner":["您是指 '{0}'?","您是指 {0} 或 {1}?","您是指 {0}、{1} 或 {2}?","您是否忘記左括弧或右括弧?","您是否忘記逸出 '/' (斜線) 字元? 在反斜線前放兩個反斜線以逸出，例如 '\\\\/'。"],"vs/platform/dialogs/common/dialogs":["是(&&Y)","取消","取消","取消","確定(&&O)","確定(&&O)","取消","...另外 1 個檔案未顯示","...另外 {0} 個檔案未顯示"],"vs/platform/dialogs/electron-main/dialogMainService":["開啟","開啟資料夾","開啟檔案","從檔案開啟工作區","開啟(&&O)"],"vs/platform/environment/node/argv":["選項","延伸模組管理","疑難排解","應該儲存 CLI 中繼資料的目錄。","應該儲存 CLI 中繼資料的目錄。","互相比較兩個檔案。","提供檔案的兩個已修改版本、兩個已修改版本的一般來源及輸出檔案的路徑以儲存合併結果，來執行三向合併。","將資料夾新增至上一個使用中的視窗。","在路徑上的指定行與字元位置開啟檔案。","強制開啟新視窗。","強制在已開啟的視窗中開啟檔案或資料夾。","等候檔案在傳回前關閉。","要使用的地區設定 (例如 en-US 或 zh-TW)。","指定用於保存使用者資料的目錄。可用於開啟多個相異的 Code 執行個體。","以指定的設定檔開啟提供的資料夾或工作區，並將該設定檔與工作區產生關聯。如果設定檔不存在，則會建立一個新的空白設定檔。","列印使用方式。","設定延伸模組的根路徑。","列出已安裝的延伸模組。","使用 --list-extensions 時，顯示安裝的延伸模組版本。","使用 --list-extensions 時，根據提供的類別篩選安裝的延伸模組。","安裝或更新延伸模組。引數是延伸模組識別碼或 VSIX 的路徑。延伸模組的識別碼為 '${publisher}.${name}'。使用 '--force' 引數以更新至最新版本。若要安裝特定版本，請提供 '@${version}'。例如: 'vscode.csharp@1.2.3'。","使用 --install-extension 時安裝延伸模組的發行前版本","將延伸模組解除安裝。","為延伸模組啟用建議的 API 功能。\r\n可接收一或多個延伸模組識別碼，以個別啟用。","列印版本。","列印詳細資訊輸出 (表示 --wait)。","要使用的記錄層級。預設值為 'info'。允許的值為 'critical'、'error'、'warn'、'info'、'debug'、'trace'、'off'。您也可以使用下列格式傳遞延伸模組識別碼和記錄層級，來設定延伸模組的記錄層級: '${publisher}.${name}:${logLevel}'。例如: 'vscode.csharp:trace'。可以接收一或多個此類項目。","列印處理程序使用方式和診斷資訊。","啟動時執行 CPU 分析工具。","停用所有安裝的延伸模組。此選項不會保留，而且只有在命令開啟新視窗時有效。","停用提供的延伸模組。此選項不會保留，而且只有在命令開啟新視窗時有效。","開啟或關閉同步。","允許延伸模組的偵錯與分析。如需連線 URI，請查看開發人員工具。","允許對延伸主機在啟動後暫停延伸模組進行偵錯和分析。如需連線 URI，請查看開發人員工具。","停用 GPU 硬體加速。","只在需要在 Linux 上以 sudo 使用者身分啟動應用程式，或在 Windows 上的 Applocker 環境中以提升權限的使用者執行時，才使用此選項。","顯示 VS 程式碼收集的所有遙測事件。","請改用 {0}。","路徑","使用方式","選項","從其他程式讀取輸出並附加 '-' (例: 'echo Hello World | {0} -')","從 stdin 讀取並附加 '-' (例: 'ps aux | grep code | {0} -')","子命令","未知的版本","未知的提交"],"vs/platform/environment/node/argvHelper":["已多次定義選項 ‘{0}’。請使用值 ‘{1}’。","選項 '{0}' 需要非空白值。略過選項。","選項 '{0}' 已棄用: {1}","警告: '{0}' 不在子命令 '{1}' 的已知選項清單中","警告: '{0}' 不在已知選項清單中，但仍傳遞至 Electron/Chromium。","`--goto` 模式中的引數格式應為 `FILE(:LINE(:CHARACTER))`。"],"vs/platform/extensionManagement/common/extensionManagement":["延伸模組","喜好設定"],"vs/platform/extensionManagement/common/extensionNls":["找不到金鑰 {0} 的訊息。"],"vs/platform/extensionManagement/common/extensionsScannerService":["無法讀取檔案 {0}: {1}。","無法剖析 {0}: [{1}, {2}] {3}。","資訊清單檔案 {0} 無效: 不是 JSON 物件。","無法剖析 {0}: {1}。","格式 {0} 無效: 必須是 JSON 物件。","無法剖析 {0}: {1}。","格式 {0} 無效: 必須是 JSON 物件。"],"vs/platform/extensions/common/extensionValidator":["屬性發行者必須屬於 `string` 類型。","屬性 '{0}' 為強制項目且必須屬於 `string` 類型","屬性 '{0}' 為強制項目且必須屬於 `string` 類型","屬性 '{0}' 為強制項目且必須屬於 `object` 類型","屬性 '{0}' 為強制項目且必須屬於 `string` 類型","屬性 `{0}` 可以省略或必須屬於 `string[]` 類型","屬性 `{0}` 可以省略或必須屬於 `string[]` 類型","如果延伸模組沒有 `{1}` 或 `{2}` 屬性，則應該省略屬性 `{0}`。","屬性 '{0}' 只有在屬性 'main' 也定義時才能定義。","`{0}` 屬性可省略，否則必須屬於 `string` 類型","`main` ({0}) 必須包含在延伸模組的資料夾 ({1}) 中。這可能會使延伸模組無法移植。","屬性 `{0}` 可以省略或必須屬於 `string` 類型","`browser` ({0}) 必須包含在延伸模組的資料夾 ({1}) 中。這可能會使延伸模組無法移植。","延伸模組版本與 semver 不相容。","無法解析 'engines.vscode` 值 {0}。請使用範例：^1.22.0, ^1.22.x, 等。","在 `engines.vscode` ({0}) 中指定的版本不夠具體。對於 1.0.0 之前的 vscode 版本，請至少定義所需的主要和次要版本。 例如 ^0.10.0、0.10.x、0.11.0 等。","在 `engines.vscode` ({0}) 中指定的版本不夠具體。對於 1.0.0 之後的 vscode 版本，請至少定義所需的主要和次要版本。 例如 ^1.10.0、1.10.x、1.x.x、2.x.x 等。","延伸模組與 Code {0} 不相容。延伸模組需要: {1}。"],"vs/platform/externalTerminal/node/externalTerminalService":["VS Code 主控台","指令碼 '{0}' 失敗，結束代碼為 {1}","不支援 '{0}'","請按任意鍵以繼續...","'{0}' 失敗，結束代碼為 {1}","找不到終端應用程式 ‘{0}'"],"vs/platform/files/common/fileService":["無法解析具有相對檔案路徑 '{0}' 的檔案系統提供者","ENOPRO: 找不到資源 '{0}' 的任何檔案系統提供者","無法解析不存在的檔案 '{0}'","覆寫旗標未設定時，無法建立已存在的檔案 '{0}'","無法寫入檔案 '{0}' ({1})","因為提供者不支援檔案 '{0}'，所以無法解除其鎖定。","因為提供者不支援，所以無法以不可部分完成的方式寫入檔案 '{0}'。","因為提供者不支援無緩衝寫入，所以無法以不可部分完成寫入檔案 '{0}'。","無法解除鎖定檔案 '{0}'，因為已啟用不可部分完成寫入。","無法寫入實際為目錄的檔案 '{0}'","修改檔案的時間","無法讀取檔案 '{0}' ({1})","無法讀取實際為目錄的檔案 '{0}'","未修改檔案的時間","因為檔案 '{0}' 太大，無法開啟，所以無法讀取該檔案","當來源 '{0}' 與目標 '{1}' 的路徑大小寫不同，但位在不區分大小寫的檔案系統上時，無法複製","當來源 '{0}' 是目標 '{1}' 的父系時，無法移動/複製。","因為目標 '{1}' 已經存在於目的地，所以無法移動/複製 '{0}'。","因為有檔案會取代 '{1}' 資料夾，所以無法將 '{0}' 移動/複製到該資料夾。","無法建立已存在但不是目錄的資料夾 '{0}'","因為提供者不支援，所以無法透過垃圾筒刪除檔案 '{0}'。","因為提供者不支援，所以無法以不可部分完成的方式刪除檔案 '{0}'。","無法以不可部分完成的方式刪除檔案 '{0}'，因為已啟用使用垃圾桶。","無法刪除不存在的檔案 '{0}'","無法刪除非空白資料夾 ‘{0}’。","無法修改唯讀檔案 '{0}'","無法修改唯讀檔案 '{0}'"],"vs/platform/files/common/files":["未知的錯誤","{0}B","{0}KB","{0}MB","{0}GB","{0}TB"],"vs/platform/files/common/io":["檔案太大，無法開啟"],"vs/platform/files/electron-main/diskFileSystemProviderServer":["無法將 '{0}' 移至資源回收筒","無法將 '{0}' 移動至垃圾"],"vs/platform/files/node/diskFileSystemProvider":["檔案已存在","檔案不存在","無法將 ‘{0}’ 移入 ‘{1}’ ({2})。","無法將 ‘{0}’ 複製到 ‘{1}' ({2})。","檔案不得複製到路徑大小寫不同的相同路徑","要移動/複製的檔案不存在","目標端已有檔案存在，因此除非指定覆寫，否則將不會移動/複製到目標"],"vs/platform/issue/electron-main/issueMainService":["LOCAL","問題回報程式","處理序總管","已成功建立追蹤檔案","請建立問題並手動附加下列檔案:\r\n{0}","確定(&&O)","將不會儲存您的輸入。確定要關閉此視窗嗎?","是(&&Y)","取消","資料太多，無法直接傳送到 GitHub。資料將會複製到剪貼簿，請將其貼到開啟的 GitHub 問題頁面。","確定(&&O)","取消"],"vs/platform/menubar/electron-main/menubar":["開新視窗(&&W)","檔案(&&F)","編輯(&&E)","選取項目(&&S)","檢視(&&V)","移至(&&G)","執行(&&R)","終端機(&&T)","視窗","說明(&&H)","關於 {0}","喜好設定(&&P)","服務","隱藏 {0}","隱藏其他","全部顯示","結束 {0}","結束(&&Q)","取消","確定要結束嗎?","最小化","縮放","全部提到最上層","切換視窗(&&W)...","新索引標籤","顯示上一個頁籤","顯示下一個頁籤","移動頁籤至新視窗","合併所有視窗","檢查更新(&&U)...","正在查看是否有更新...","下載可用更新(&&O)","正在下載更新...","安裝更新(&&U)...","正在安裝更新...","重新啟動以更新(&&U)"],"vs/platform/native/electron-main/nativeHostMainService":["{0} 現在會提示輸入 'osascript' 取得系統管理員權限，以便安裝殼層命令。","確定(&&O)","取消","無法安裝殼層命令 '{0}'。","{0} 現在會使用 'osascript' 提示取得系統管理員權限，以解除安裝殼層命令。","確定(&&O)","取消","無法解除安裝殼層命令 '{0}'。","在 '{0}' 中找不到殼層腳本"],"vs/platform/request/common/request":["網路要求","HTTP","要使用的 Proxy 設定。若未設定，將從 `http_proxy` 和 `https_proxy` 環境變數繼承。","控制是否應根據提供的 CA 清單驗證 Proxy 伺服器憑證。","使用 HTTP Proxy 來覆寫 Kerberos 驗證的主體服務名稱。未設定時，會使用以 Proxy 主機名稱為基礎的預設值。","要針對所有網路要求作為 `Proxy-Authorization` 標頭傳送的值。","停用延伸模組的 Proxy 支援。","啟用延伸模組的 Proxy 支援。","當找不到 Proxy 時，啟用延伸模組的 Proxy 支援。","啟用延伸模組的 Proxy 支援，覆寫要求選項。","為延伸模組使用 Proxy 支援。","控制是否應從 OS 載入 CA 憑證。(關閉此設定後，Windows 和 macOS 都需要重新載入視窗。)","控制是否應啟用來自 OS 的 CA 憑證實驗性載入。這使用的方法比預設的模擬方法更為普遍。"],"vs/platform/shell/node/shellEnv":["無法在合理的時間內解析殼層環境。請檢閱您的殼層設定並重新啟動。","無法解析您的殼層環境: {0}","來自繁衍殼層 (程式碼 {0}、訊號 {1}) 的意外結束代碼"],"vs/platform/telemetry/common/telemetryService":["控制 {0} 遙測、第一方延伸遙測與參與的協力廠商延伸遙測。某些協力廠商延伸可能未遵守此設定。請參閱特定延伸的文件以確認。遙測可協助我們更加了解 {0} 的執行方式、需要改進之處，以及功能的使用方式。","深入了解 [我們收集的資料]({0})。","深入了解 [我們收集的資料]({0}) 和我們的 [隱私權聲明]({1})。","必須重新啟動應用程式，當機報告變更才會生效。","當機報告","錯誤遙測","使用量資料","下列表格會列出每個設定所傳送的資料:","****注意:*** 如果此設定為「關閉」，則不論其他遙測設定如何，都不會傳送任何遙測。如果此設定設定為「關閉」以外的任何設定，且已使用過時設定停用遙測，則不會傳送任何遙測。*","遙測","傳送使用狀況資料、錯誤和當機報告。","傳送一般錯誤遙測和當機報告。","傳送 OS 層級當機報告。","停用所有產品遙測。","遙測","允許收集診斷資料。這能協助我們更好了解 {0} 的表現，以及需要改善的地方。","允許收集診斷資料。這能協助我們更好了解 {0} 的表現，以及需要改善的地方。[深入了解]({1})我們會收集的資料，以及我們的隱私權聲明。","如果此設定為 False，則無論新設定的值如何，都不會傳送任何遙測。已過時，改為 {0} 設定。"],"vs/platform/terminal/common/terminalPlatformConfiguration":["執行殼層可執行檔時所使用的一組選擇性引數。","是否將偵測正在執行的程式之動態終端標題取代為靜態設定檔名稱。","要與這個終端機圖示相關聯的 codicon 識別碼。","要與這個終端機圖示相關聯的佈景主題色彩識別碼。","具有環境變數的物件，將新增至終端機設定檔流程。設為 'null' 以從基底環境刪除環境變數。","殼層可執行檔的單一路徑或路徑陣列，會在路徑失敗時用作備案。","殼層可執行檔的單一路徑。","{0} 的終端機設定檔自訂組可允許新增、移除或變更終端機的啟動方式。設定檔由強制路徑、選擇性引數和其他簡報選項組成。\r\n\r\n若要覆寫現有的設定檔，請使用其設定檔名稱做為索引鍵，例如:\r\n\r\n{1}\r\n\r\n{2}深入了解如何設定設定檔{3}。","整合式終端","在 Linux 上用於自動化相關終端使用的終端設定檔，例如工作與偵錯。","在 macOS 上用於自動化相關終端使用的終端設定檔，例如工作與偵錯。","用於自動化相關終端使用的終端設定檔，例如工作與偵錯。如果已設定 {0} (現已過時)，目前將忽略此設定。","將自動偵測殼層路徑的設定檔來源。請注意，不支援非標準可執行位置，而且必須在新的設定檔中手動建立。","提供此設定檔的延伸模組。","延伸模組終端機的識別碼","延伸模組終端機的名稱","提供此設定檔的延伸模組。","延伸模組終端機的識別碼","延伸模組終端機的名稱","提供此設定檔的延伸模組。","延伸模組終端機的識別碼","延伸模組終端機的名稱","控制是否要在終端機下拉式清單中顯示 WSL 發佈","新殼層是否應該從 VS Code 繼承其環境，而 VS Code 可能會提供登入殼層，以確保 $PATH 和其他開發變數已初始化。這對 Windows 沒有影響。","控制重新連線至持續性終端機工作階段時所要還原的最大行數。增加此項將會以更多記憶體的成本還原更多的 向後捲動行數，並增加啟動時連線到終端機所花費的時間。此設定需要重新啟動才會生效，且應設定為小於或等於 `#terminal.integrated.scrollback#` 的值。","是否要在終端機輸出中顯示連結的懸停。","使用 {0} 設定時，要忽略的程序名稱集。","整合式終端","Linux 上的預設終端設定檔。","macOS 上的預設終端設定檔。","Windows 上的預設終端設定檔。"],"vs/platform/terminal/common/terminalProfiles":["自動偵測預設值"],"vs/platform/update/common/update.config.contribution":["更新","設定是否要接收自動更新。變更後需要重新啟動。系統會從 Microsoft 線上服務擷取更新。","停用更新。","停用自動背景更新檢查。若您手動檢查更新，可取得更新。","僅在啟動時檢查更新。停用自動背景更新檢查。","啟用自動更新檢查。程式碼會自動並定期檢查更新。","設定是否要接收自動更新。變更後需要重新啟動。系統會從 Microsoft 線上服務擷取更新。","此設定已淘汰，請改用 '{0}'。","在 Windows 上啟用背景更新","啟用以在 Windows 背景中下載並安裝新的 VS Code 版本。","更新後顯示版本資訊。版本資訊會從 Microsoft 線上服務擷取。"],"vs/platform/userDataProfile/common/userDataProfile":["預設"],"vs/platform/windows/electron-main/windowImpl":["重新開啟(&&R)","關閉(&&C)","繼續等候(&&K)","視窗沒有回應","您可以重新開啟或關閉視窗，或是繼續等候。","不要還原編輯者","視窗意外終止","視窗意外終止 (原因: '{0}'，代碼: '{1}')","重新開啟(&&R)","開新視窗(&&W)","關閉(&&C)","很抱歉造成您的不便。您可以重新開啟視窗，從您離開的地方繼續進行。","很抱歉造成您的不便。您可以開啟新的空白視窗以再次啟動。","不要還原編輯者","您仍然可以按 Alt 鍵來存取功能表列。"],"vs/platform/windows/electron-main/windowsMainService":["確定(&&O)","路徑不存在","無法開啟 URI","此電腦上沒有路徑 '{0}'。","URI '{0}' 無效且無法開啟。","允許(&&A)","取消(&&C)","深入了解(&&L)","在允許的主機清單中找不到主機 '{0}'。您仍然要允許它嗎?","路徑 '{0}' 使用不被允許的主機。除非您信任該主機，否則應該按 [取消]","永久允許主機 '{0}'"],"vs/platform/workspace/common/workspace":["Code 工作區"],"vs/platform/workspaces/electron-main/workspacesHistoryMainService":["清除(&&C)","取消(&&C)","要清除所有最近開啟的檔案和工作區嗎?","此動作無法回復!","新增視窗","開啟新視窗","最近使用的資料夾和工作區","最近使用的資料夾","無標題 (工作區)","{0} (工作區)"],"vs/platform/workspaces/electron-main/workspacesManagementMainService":["確定(&&O)","無法儲存工作區 '{0}'","此工作區已在其他視窗中開啟。請先關閉該視窗再重試一次。"]}