{"vs/base/common/date":["單位為 {0}","現在","{0}秒前","{0} 秒前","{0} 秒前","{0} 秒前","{0} 秒","{0} 秒","{0} 秒","{0} 秒","{0} 分鐘前","{0} 分鐘前","{0} 分鐘前","{0} 分鐘前","{0} 分鐘","{0} 分鐘","{0} 分鐘","{0} 分鐘","{0} 小時前","{0} 小時前","{0} 小時前","{0} 小時前","{0} 小時","{0} 小時","{0} 小時","{0} 小時","{0} 天前","{0} 天前","{0} 天","{0} 天","{0} 週前","{0} 週前","{0} 週前","{0} 週前","{0} 週","{0} 週","{0} 週","{0} 週","{0}個月前","{0} 個月前","{0} 個月前","{0} 個月前","{0} 個月","{0} 個月","{0} 個月","{0} 個月","{0} 年前","{0} 年前","{0} 年前","{0} 年前","{0} 年","{0} 年","{0} 年","{0} 年"],"vs/base/common/errorMessage":["{0}: {1}","發生系統錯誤 ({0})","發生未知的錯誤。如需詳細資訊，請參閱記錄檔。","發生未知的錯誤。如需詳細資訊，請參閱記錄檔。","{0} (總計 {1} 個錯誤)","發生未知的錯誤。如需詳細資訊，請參閱記錄檔。"],"vs/base/common/platform":["_"],"vs/platform/contextkey/common/contextkey":["空的內容索引鍵運算式","您是否忘記撰寫運算式? 您也可以分別放置 'false' 或 'true'，以一律評估為 False 或 True。","'not' 後為 'in'。","右括弧 ')'","未預期的權杖","您是否忘記在權杖之前放置 && 或 ||?","運算式未預期的結尾","您是否忘記放置內容金鑰?","預期: {0}\r\n收到: '{1}'。","未預期的權杖。提示: {0}","未預期的權杖。"],"vs/platform/contextkey/common/scanner":["您是指 '{0}'?","您是指 {0} 或 {1}?","您是指 {0}、{1} 或 {2}?","您是否忘記左括弧或右括弧?","您是否忘記逸出 '/' (斜線) 字元? 在反斜線前放兩個反斜線以逸出，例如 '\\\\/'。"],"vs/platform/environment/node/argv":["選項","延伸模組管理","疑難排解","應該儲存 CLI 中繼資料的目錄。","應該儲存 CLI 中繼資料的目錄。","互相比較兩個檔案。","提供檔案的兩個已修改版本、兩個已修改版本的一般來源及輸出檔案的路徑以儲存合併結果，來執行三向合併。","將資料夾新增至上一個使用中的視窗。","在路徑上的指定行與字元位置開啟檔案。","強制開啟新視窗。","強制在已開啟的視窗中開啟檔案或資料夾。","等候檔案在傳回前關閉。","要使用的地區設定 (例如 en-US 或 zh-TW)。","指定用於保存使用者資料的目錄。可用於開啟多個相異的 Code 執行個體。","以指定的設定檔開啟提供的資料夾或工作區，並將該設定檔與工作區產生關聯。如果設定檔不存在，則會建立一個新的空白設定檔。","列印使用方式。","設定延伸模組的根路徑。","列出已安裝的延伸模組。","使用 --list-extensions 時，顯示安裝的延伸模組版本。","使用 --list-extensions 時，根據提供的類別篩選安裝的延伸模組。","安裝或更新延伸模組。引數是延伸模組識別碼或 VSIX 的路徑。延伸模組的識別碼為 '${publisher}.${name}'。使用 '--force' 引數以更新至最新版本。若要安裝特定版本，請提供 '@${version}'。例如: 'vscode.csharp@1.2.3'。","使用 --install-extension 時安裝延伸模組的發行前版本","將延伸模組解除安裝。","為延伸模組啟用建議的 API 功能。\r\n可接收一或多個延伸模組識別碼，以個別啟用。","列印版本。","列印詳細資訊輸出 (表示 --wait)。","要使用的記錄層級。預設值為 'info'。允許的值為 'critical'、'error'、'warn'、'info'、'debug'、'trace'、'off'。您也可以使用下列格式傳遞延伸模組識別碼和記錄層級，來設定延伸模組的記錄層級: '${publisher}.${name}:${logLevel}'。例如: 'vscode.csharp:trace'。可以接收一或多個此類項目。","列印處理程序使用方式和診斷資訊。","啟動時執行 CPU 分析工具。","停用所有安裝的延伸模組。此選項不會保留，而且只有在命令開啟新視窗時有效。","停用提供的延伸模組。此選項不會保留，而且只有在命令開啟新視窗時有效。","開啟或關閉同步。","允許延伸模組的偵錯與分析。如需連線 URI，請查看開發人員工具。","允許對延伸主機在啟動後暫停延伸模組進行偵錯和分析。如需連線 URI，請查看開發人員工具。","停用 GPU 硬體加速。","只在需要在 Linux 上以 sudo 使用者身分啟動應用程式，或在 Windows 上的 Applocker 環境中以提升權限的使用者執行時，才使用此選項。","顯示 VS 程式碼收集的所有遙測事件。","請改用 {0}。","路徑","使用方式","選項","從其他程式讀取輸出並附加 '-' (例: 'echo Hello World | {0} -')","從 stdin 讀取並附加 '-' (例: 'ps aux | grep code | {0} -')","子命令","未知的版本","未知的提交"],"vs/platform/files/common/files":["未知的錯誤","{0}B","{0}KB","{0}MB","{0}GB","{0}TB"],"vs/platform/terminal/node/ptyHostMain":["Pty 主機"],"vs/platform/terminal/node/ptyService":["已還原歷程記錄"],"vs/platform/terminal/node/terminalProcess":["啟動目錄 (cwd) \"{0}\" 不是目錄","啟動目錄 (cwd) \"{0}\" 不存在","沒有通往 Shell 可執行檔 \"{0}\" 的路徑","通往 Shell 可執行檔 \"{0}\" 的路徑不是檔案或符號連結"]}