{"vs/base/common/actions":["(空的)"],"vs/base/common/date":["單位為 {0}","現在","{0}秒前","{0} 秒前","{0} 秒前","{0} 秒前","{0} 秒","{0} 秒","{0} 秒","{0} 秒","{0} 分鐘前","{0} 分鐘前","{0} 分鐘前","{0} 分鐘前","{0} 分鐘","{0} 分鐘","{0} 分鐘","{0} 分鐘","{0} 小時前","{0} 小時前","{0} 小時前","{0} 小時前","{0} 小時","{0} 小時","{0} 小時","{0} 小時","{0} 天前","{0} 天前","{0} 天","{0} 天","{0} 週前","{0} 週前","{0} 週前","{0} 週前","{0} 週","{0} 週","{0} 週","{0} 週","{0}個月前","{0} 個月前","{0} 個月前","{0} 個月前","{0} 個月","{0} 個月","{0} 個月","{0} 個月","{0} 年前","{0} 年前","{0} 年前","{0} 年前","{0} 年","{0} 年","{0} 年","{0} 年"],"vs/base/common/errorMessage":["{0}: {1}","發生系統錯誤 ({0})","發生未知的錯誤。如需詳細資訊，請參閱記錄檔。","發生未知的錯誤。如需詳細資訊，請參閱記錄檔。","{0} (總計 {1} 個錯誤)","發生未知的錯誤。如需詳細資訊，請參閱記錄檔。"],"vs/base/common/platform":["_"],"vs/editor/common/config/editorOptions":["使用平台 API 以偵測螢幕助讀程式附加。","使用螢幕助讀程式將使用方式最佳化。","假設螢幕助讀程式未連結。","控制 UI 是否應於已為螢幕助讀程式最佳化的模式中執行。","控制是否要在註解時插入空白字元。","控制是否應以行註解的切換、新增或移除動作，忽略空白的行。","控制複製時不選取任何項目是否會複製目前程式行。","控制在輸入期間是否要跳過游標來尋找相符的項目。","永不從編輯器選取範圍中植入搜尋字串。","一律從編輯器選取範圍中植入搜尋字串，包括游標位置的字。","只有來自編輯器選取範圍中的植入搜尋字串。","控制 [尋找小工具] 中的搜尋字串是否來自編輯器選取項目。","永不自動開啟 [在選取範圍中尋找] (預設)。","一律自動開啟 [在選取範圍中尋找]。","選取多行內容時，自動開啟 [在選取範圍中尋找]。","控制自動開啟 [在選取範圍中尋找] 的條件。","控制尋找小工具是否在 macOS 上讀取或修改共用尋找剪貼簿。","控制尋找小工具是否應在編輯器頂端額外新增行。若為 true，當您可看到尋找小工具時，您的捲動範圍會超過第一行。","當再也找不到其他相符項目時，控制是否自動從開頭 (或結尾) 重新開始搜尋。","啟用/停用連字字型 ('calt' 和 'liga' 字型功能)。將此項變更為字串，以精確控制 'font-feature-settings' CSS 屬性。","明確的 'font-feature-settings' CSS 屬性。如果只需要開啟/關閉連字，可以改為傳遞布林值。","設定連字字型或字型功能。可以是布林值以啟用/停用連字，或代表 CSS 'font-feature-settings' 屬性的字串。","啟用/停用從 font-weight 到 font-variation-settings 的轉換。將此設定變更為字串，以更精細地控制 'font-variation-settings' CSS 屬性。","明確的 'font-variation-settings' CSS 屬性。如果只需要將 font-weight 轉換為 font-variation-settings，可以改為傳遞布林值。","設定字型變化。可以是布林值，以啟用/停用從 font-weight 到 font-variation-settings 的轉換，或是字串，做為 CSS 'font-variation-settings' 屬性的值。","控制字型大小 (像素)。","只允許「一般」及「粗體」關鍵字，或介於 1 到 1000 之間的數值。","控制字型粗細。接受「一般」及「粗體」關鍵字，或介於 1 到 1000 之間的數值。","顯示結果的預覽檢視 (預設)","移至主要結果並顯示預覽檢視","前往主要結果，並對其他人啟用無預覽瀏覽","此設定已淘汰，請改用 'editor.editor.gotoLocation.multipleDefinitions' 或 'editor.editor.gotoLocation.multipleImplementations' 等單獨設定。","控制 'Go to Definition' 命令在有多個目標位置存在時的行為。","控制 'Go to Type Definition' 命令在有多個目標位置存在時的行為。","控制 'Go to Declaration' 命令在有多個目標位置存在時的行為。","控制 'Go to Implementations' 命令在有多個目標位置存在時的行為。","控制 'Go to References' 命令在有多個目標位置存在時的行為。","當 'Go to Definition' 的結果為目前位置時，正在執行的替代命令識別碼。","當 'Go to Type Definition' 的結果為目前位置時，正在執行的替代命令識別碼。","當 'Go to Declaration' 的結果為目前位置時，正在執行的替代命令識別碼。","當 'Go to Implementation' 的結果為目前位置時，正在執行的替代命令識別碼。","當 'Go to Reference' 的結果為目前位置時，正在執行的替代命令識別碼。","控制是否顯示暫留。","控制暫留顯示的延遲時間 (以毫秒為單位)。","控制當滑鼠移過時，是否應保持顯示暫留。","控制暫留隱藏的延遲時間 (以毫秒為單位)。需要啟用 `editor.hover.sticky`。","如果有空間，則偏好在行上方顯示游標。","假設所有字元的寬度均相同。這是一種快速的演算法，適用於等寬字型，以及字符寬度相同的部分指令碼 (例如拉丁文字元)。","將外圍點計算委派給瀏覽器。這是緩慢的演算法，如果檔案較大可能會導致凍結，但在所有情況下都正常運作。","控制計算外圍點的演算法。請注意，在協助工具模式中，會使用進階來獲得最佳體驗。","在編輯器中啟用程式碼動作燈泡。","請勿顯示 AI 圖示。","當程式碼動作選單包含 AI 動作，但僅在程式碼上顯示 AI 圖示。","當程式碼動作選單包含 AI 動作時，在程式碼和空行上顯示 AI 圖示。","當程式碼動作選單包含 AI 作業時，將 AI 圖示與燈泡一起顯示。","在編輯器頂端捲動期間顯示巢狀的目前範圍。","定義要顯示的自黏線數目上限。","定義要用於判斷要黏住的線條的模型。如果大綱模型不存在，則會回到摺疊提供者模型，其會回到縮排模型。這三種情況中會遵守此順序。","使用編輯器的水平捲軸，啟用自黏捲動的捲動。","啟用編輯器中的內嵌提示。","已啟用內嵌提示","預設會顯示內嵌提示，並在按住 {0} 時隱藏","預設會隱藏內嵌提示，並在按住 {0} 時顯示","已停用內嵌提示","控制編輯器中內嵌提示的字型大小。當設定的值小於 {1} 或大於編輯器字型大小時，則會使用{0} 預設值。","控制編輯器中，內嵌提示的字型家族。設定為空白時，則會使用 {0}。","在編輯器中啟用的內嵌提示周圍的填補。","控制行高。\r\n - 使用 0 從字型大小自動計算行高。\r\n - 使用介於 0 和 8 之間的值作為字型大小的乘數。\r\n - 大於或等於 8 的值將用來作為有效值。","控制是否會顯示縮圖","控制是否會自動隱藏縮圖。","縮圖大小與編輯器內容相同 (且可能會捲動)。","縮圖會視需要伸縮，以填滿該編輯器的高度 (無捲動)。","縮圖將視需要縮小，一律不會大於該編輯器 (無捲動)。","控制縮圖的大小。","控制要在哪端呈現縮圖。","控制何時顯示迷你地圖滑桿。","縮圖內所繪製的內容大小: 1、2 或 3。","顯示行中的實際字元，而不是色彩區塊。","限制縮圖的寬度，最多顯示某個數目的列。","控制編輯器上邊緣與第一行之間的空格數。","控制編輯器下邊緣與最後一行之間的空格數。","啟用快顯，在您鍵入的同時顯示參數文件和類型資訊。","控制提示功能表是否在清單結尾時循環或關閉。","快速建議會顯示在建議小工具內","快速建議會顯示為浮水印文字","已停用快速建議","允許在字串內顯示即時建議。","允許在註解中顯示即時建議。","允許在字串與註解以外之處顯示即時建議。","控制輸入時是否應自動顯示建議。這可控制在註解、字串及其他程式碼中的輸入。可設定快速建議以隱形浮出文字或建議小工具顯示。另外也請注意 '{0}'-設定，其會控制建議是否由特殊字元所觸發。","不顯示行號。","行號以絕對值顯示。","行號以目前游標的相對值顯示。","每 10 行顯示行號。","控制行號的顯示。","這個編輯器尺規會轉譯的等寬字元數。","此編輯器尺規的色彩。","在某個數目的等寬字元之後顯示垂直尺規。如有多個尺規，就會使用多個值。若陣列空白，就不會繪製任何尺規。","垂直捲軸只有在必要時才可見。","垂直捲軸永遠可見。","垂直捲軸永遠隱藏。","控制項垂直捲軸的可見度。","水平捲軸只有在必要時才可見。","水平捲軸永遠可見。","水平捲軸永遠隱藏。","控制項水平捲軸的可見度。","垂直捲軸的寬度。","水平捲軸的高度。","控制項按一下是否按頁面滾動或跳到按一下位置。","設定時，水平捲軸不會增加編輯器內容的大小。","控制是否醒目提示所有非基本的 ASCII 字元。只有介於 U+0020和 U+007E、tab、換行和歸位字元之間的字元會視為基本 ASCII。","控制是否只保留空格或完全沒有寬度之字元的醒目提示。","控制是否醒目提示與基本 ASCII 字元混淆的字元，但目前使用者地區設定中通用的字元除外。","控制註解中的字元是否也應受到 Unicode 醒目提示。","控制字串中的字元是否也應受到 Unicode 醒目提示。","定義未醒目提示的允許字元。","不會將允許地區設置中常見的 Unicode 字元強調顯示。","控制是否要在編輯器中自動顯示內嵌建議。","每當顯示內嵌建議時，顯示內嵌建議工具列。","每當游標停留在內嵌建議上方時，顯示內嵌建議工具列。","永不顯示內嵌建議工具列。","控制何時顯示內嵌建議工具列。","控制內嵌建議如何與建議小工具互動。如果啟用，有可用的內嵌建議時，不會自動顯示建議小工具。","控制是否啟用成對方括弧著色。使用 {0} 覆寫括弧亮顯顏色。","控制每個括弧類型是否有自己的獨立色彩集區。","啟用括弧配對輔助線。","只啟用使用中括弧組的括弧配對輔助線。","停用括弧配對輔助線。","控制是否啟用成對方括弧指南。","啟用水平輔助線作為垂直括弧配對輔助線的新增功能。","只啟用使用中括弧配對的水平輔助線。","停用水平括弧配對輔助線。","控制是否啟用水平成對方括弧輔助線。","控制編輯器是否應醒目提示使用中的成對括弧。","控制編輯器是否應顯示縮排輔助線。","醒目提示使用中的縮排輔助線。","即使醒目提示括弧輔助線，仍醒目提示使用中的縮排輔助線。","不要醒目提示使用中的縮排輔助線。","控制編輯器是否應醒目提示使用中的縮排輔助線。","插入建議而不覆寫游標旁的文字。","插入建議並覆寫游標旁的文字。","控制是否要在接受完成時覆寫字組。請注意，這取決於加入此功能的延伸模組。","控制對於拚錯字是否進行篩選和排序其建議","控制排序是否偏好游標附近的字組。","控制記錄的建議選取項目是否在多個工作區和視窗間共用 (需要 `#editor.suggestSelection#`)。","自動觸發 IntelliSense 時一律選取建議。","自動觸發 IntelliSense 時永不選取建議。","只有在從觸發字元觸發 IntelliSense 時，才選取建議。","只有在您輸入時觸發 IntelliSense 時，才選取建議。","控制小工具顯示時是否選取建議。請注意，這只適用於('#editor.quickSuggestions#' 和 '#editor.suggestOnTriggerCharacters#') 自動觸發的建議，而且一律會在明確叫用時選取建議，例如透過 'Ctrl+Space'。","控制正在使用的程式碼片段是否會避免快速建議。","控制要在建議中顯示或隱藏圖示。","控制建議小工具底下的狀態列可見度。","控制是否要在編輯器中預覽建議結果。","控制建議詳細資料是以內嵌於標籤的方式顯示，還是只在詳細資料小工具中顯示。","此設定已淘汰。建議小工具現可調整大小。","此設定已淘汰，請改用 'editor.suggest.showKeywords' 或 'editor.suggest.showSnippets' 等單獨設定。","啟用時，IntelliSense 顯示「方法」建議。","啟用時，IntelliSense 顯示「函式」建議。","啟用時，IntelliSense 顯示「建構函式」建議。","啟用時，IntelliSense 顯示「已取代」建議。","啟用時，IntelliSense 篩選會要求第一個字元符合文字開頭，例如 `Console` 或 `WebCoNtext` 上的 `c`，但不是 `description` 上的 _not_。停用時，IntelliSense 會顯示更多結果，但仍會依相符品質排序結果。","啟用時，IntelliSense 顯示「欄位」建議。","啟用時，IntelliSense 顯示「變數」建議。","啟用時，IntelliSense 顯示「類別」建議。","啟用時，IntelliSense 顯示「結構」建議。","啟用時，IntelliSense 顯示「介面」建議。","啟用時，IntelliSense 顯示「模組」建議。","啟用時，IntelliSense 顯示「屬性」建議。","啟用時，IntelliSense 顯示「事件」建議。","啟用時，IntelliSense 顯示「運算子」建議。","啟用時，IntelliSense 顯示「單位」建議。","啟用時，IntelliSense 顯示「值」建議。","啟用時，IntelliSense 顯示「常數」建議。","啟用時，IntelliSense 顯示「列舉」建議。","啟用時，IntelliSense 顯示「enumMember」建議。","啟用時，IntelliSense 顯示「關鍵字」建議。","啟用時，IntelliSense 顯示「文字」建議。","啟用時，IntelliSense 顯示「色彩」建議。","啟用時，IntelliSense 顯示「檔案」建議。","啟用時，IntelliSense 顯示「參考」建議。","啟用時，IntelliSense 顯示「customcolor」建議。","啟用時，IntelliSense 顯示「資料夾」建議。","啟用時，IntelliSense 顯示「typeParameter」建議。","啟用時，IntelliSense 顯示「程式碼片段」建議。","啟用之後，IntelliSense 會顯示 `user`-suggestions。","啟用時，IntelliSense 會顯示 `issues`-suggestions。","是否應一律選取前置和後置的空白字元。","是否應該選取子詞 (例如 'fooBar' 或 'foo_bar' 中的 'foo')。","無縮排。換行從第 1 列開始。","換行的縮排會與父行相同。","換行的縮排為父行 +1。","換行縮排為父行 +2。","控制換行的縮排。","控制您是否可以按住 `Shift` 鍵，將檔案拖放到文字編輯器中 (而非在編輯器中開啟檔案)。","控制將檔案放入編輯器時是否顯示小工具。此小工具可讓您控制檔案的置放方式。","將檔案放入編輯器後顯示置放選取器小工具。","永不顯示置放選取器小工具。改為一律使用預設置放提供者。","控制是否可以以不同方式貼上內容。","控制將內容貼上至編輯器時是否顯示小工具。此小工具可讓您控制檔案的貼上方式。","將內容貼上編輯器後顯示貼上選取器小工具。","永不顯示貼上選取器小工具。而是一律使用預設的貼上行為。","控制是否透過提交字元接受建議。例如在 JavaScript 中，分號 (';') 可以是接受建議並鍵入該字元的提交字元。","在建議進行文字變更時，僅透過 `Enter` 接受建議。","控制除了 'Tab' 外，是否也透過 'Enter' 接受建議。這有助於避免混淆要插入新行或接受建議。","控制編輯器中可一次由螢幕助讀程式讀出的行數。偵測到螢幕助讀程式時會自動預設為 500。警告: 若數字超過預設，可能會對效能有所影響。","編輯器內容","控制螢幕助讀程式是否宣告內嵌建議。","使用語言配置確定何時自動關閉括號。","僅當游標位於空白的左側時自動關閉括號。","控制編輯器是否應在使用者新增左括弧後，自動加上右括弧。","使用語言配置確定何時自動關閉註解。","僅當游標位於空白的左側時自動關閉註解。","控制使用者新增開啟的註解之後，編輯器是否應該自動關閉註解。","僅在自動插入相鄰的右引號或括弧時，才將其移除。","控制編輯器是否應在刪除時移除相鄰的右引號或括弧。","僅在自動插入右引號或括號時，才在其上方鍵入。","控制編輯器是否應在右引號或括號上鍵入。","使用語言配置確定何時自動關閉引號。","僅當游標位於空白的左側時自動關閉引號。","控制編輯器是否應在使用者新增開始引號後，自動加上關閉引號。","編輯器不會自動插入縮排。","編輯器會保留目前行的縮排。","編輯器會保留目前行的縮排並接受語言定義的括號。","編輯器會目前行的縮排、接受語言定義的括號並叫用語言定義的特殊 onEnterRules。","編輯器會保留目前行的縮排、接受語言定義的括號並叫用語言定義的特殊 onEnterRules 並接受語言定義的 indentationRules。","控制編輯器是否應在使用者鍵入、貼上、移動或縮排行時自動調整縮排。","使用語言組態來決定何時自動環繞選取項目。","用引號括住，而非使用括弧。","用括弧括住，而非使用引號。 ","控制編輯器是否應在鍵入引號或括弧時自動包圍選取範圍。","當使用空格進行縮排時，會模擬定位字元的選取表現方式。選取範圍會依循定位停駐點。","控制編輯器是否顯示 codelens。","控制 CodeLens 的字型家族。","控制 CodeLens 的字型大小 (像素)。設定為 0 時，會使用 90% 的 `#editor.fontSize#`。","控制編輯器是否應轉譯內嵌色彩裝飾項目與色彩選擇器。","讓色彩選擇器在按一下和停駐色彩在裝飾項目上時出現","讓色彩選擇器在停駐色彩裝飾項目時出現","讓色彩選擇器在按一下色彩裝飾項目時出現","控制條件，讓色彩選擇器從色彩裝飾項目出現","控制一次可在編輯器中呈現的色彩裝飾項目最大數目。","啟用即可以滑鼠與按鍵選取進行資料行選取。","控制語法醒目提示是否應複製到剪貼簿。","控制資料指標動畫樣式。","平滑插入號動畫已停用。","只有當使用者使用明確手勢移動游標時，才會啟用平滑插入號動畫。","永遠啟用平滑插入號動畫。","控制是否應啟用平滑插入點動畫。 ","控制資料指標樣式。","控制游標上下周圍可顯示的前置線 (最小為 0) 和後置線 (最小為 1) 的最小數目。在某些編輯器中稱為 'scrollOff' 或 'scrollOffset'。","只有通過鍵盤或 API 觸發時，才會施行 `cursorSurroundingLines`。","一律強制執行 `cursorSurroundingLines`","控制應強制執行 `#cursorSurroundingLines#` 的時機。","控制游標寬度，當 `#editor.cursorStyle#` 設定為 `line` 時。","控制編輯器是否允許透過拖放來移動選取項目。","使用新的 svg 轉譯方法。","使用具有字型字元的新轉譯方法。","使用穩定轉譯方法。","控制是否使用新的實驗性方法來呈現空白字元。","按下 `Alt` 時的捲動速度乘數。","控制編輯器是否啟用程式碼摺疊功能。","使用語言特定摺疊策略 (如果可用)，否則使用縮排式策略。","使用縮排式摺疊策略。","控制計算資料夾範圍的策略。","控制編輯器是否應將折疊的範圍醒目提示。","控制編輯器是否會自動摺疊匯入範圍。","可摺疊區域的數目上限。增加此值可能會造成當目前的來源有大量可摺疊區域時，編輯器的回應速度變慢。","控制按一下已折疊行後方的空白內容是否會展開行。","控制字型家族。","控制編輯器是否應自動為貼上的內容設定格式。必須有可用的格式器，而且格式器應能夠為文件中的一個範圍設定格式。","控制編輯器是否應自動在鍵入後設定行的格式。","控制編輯器是否應轉譯垂直字符邊界。字符邊界最常用來進行偵錯。","控制游標是否應隱藏在概觀尺規中。","控制字母間距 (像素)。","控制編輯器是否已啟用連結編輯。相關符號 (例如 HTML 標籤) 會根據語言在編輯時更新。","控制編輯器是否應偵測連結並使其可供點選。","將符合的括號醒目提示。","要用於滑鼠滾輪捲動事件 `deltaX` 和 `deltaY` 的乘數。","使用滑鼠滾輪並按住 `Ctrl` 時，縮放編輯器的字型","在多個游標重疊時將其合併。","對應Windows和Linux的'Control'與對應 macOS 的'Command'。","對應Windows和Linux的'Alt'與對應macOS的'Option'。","用於在滑鼠新增多個游標的修飾元。[移至定義] 和 [開啟連結] 滑鼠手勢會加以適應，以避免與 [多個游標的修飾元](https://code.visualstudio.com/docs/editor/codebasics#_multicursor-modifier) 相衝突。","每個游標都會貼上一行文字。","每個游標都會貼上全文。","當已貼上文字的行數與游標數相符時控制貼上功能。","控制一次可在作用中編輯器中的游標數目上限。","不強調顯示出現項目。","僅強調顯示目前檔案中的出現項目。","實驗: 跨所有有效的開啟檔案強調顯示出現項目。","控制是否應跨開啟的檔案強調顯示出現項目。","控制是否應在概觀尺規周圍繪製框線。","開啟預覽時焦點樹狀","開啟時聚焦編輯器","控制要聚焦內嵌編輯器或預覽小工具中的樹系。","控制「前往定義」滑鼠手勢，是否一律開啟瞄核小工具。","控制在快速建議顯示後的延遲 (以毫秒為單位)。","控制編輯器是否會自動依類型重新命名。","已淘汰，請改用 `editor.linkedEditing`。","控制編輯器是否應顯示控制字元。","在檔案結尾為新行時，呈現最後一行的號碼。","醒目提示裝訂邊和目前的行。","控制編輯器如何顯示目前行的醒目提示。","控制當聚焦於編輯器時，編輯器是否應僅轉譯目前行的醒目提示。","轉譯空白字元，但文字之間的單一空格除外。","只轉譯所選文字的空白字元。","只轉譯結尾空白字元。","控制編輯器應如何轉譯空白字元。","控制選取範圍是否有圓角","控制編輯器水平捲動的額外字元數。","控制編輯器是否捲動到最後一行之外。","同時進行垂直與水平捲動時，僅沿主軸捲動。避免在軌跡板上進行垂直捲動時發生水平漂移。","控制是否支援 Linux 主要剪貼簿。","控制編輯器是否應醒目提示與選取項目類似的相符項目。","一律顯示摺疊控制項。","永不顯示摺疊控制項與減少裝訂邊大小。","僅當滑鼠懸停在活動列上時，才顯示折疊功能。","控制摺疊控制項在裝訂邊上的顯示時機。","控制未使用程式碼的淡出。","控制已刪除的淘汰變數。","將程式碼片段建議顯示於其他建議的頂端。","將程式碼片段建議顯示於其他建議的下方。","將程式碼片段建議與其他建議一同顯示。","不顯示程式碼片段建議。","控制程式碼片段是否隨其他建議顯示，以及其排序方式。","控制編輯器是否會使用動畫捲動","控制當顯示內嵌完成時，是否應提供協助工具提示給螢幕助讀程式使用者。","建議小工具的字型大小。當設定為 {0} 時，則會使用 {1} 的值。","建議小工具的行高。當設定為 {0} 時，則會使用 {1} 的值。最小值為 8。","控制建議是否應在鍵入觸發字元時自動顯示。","一律選取第一個建議。","除非進一步鍵入選取了建議，否則選取最近的建議，例如 `console.| -> console.log`，原因是最近完成了 `log`。","根據先前已完成該建議的前置詞選取建議，例如 `co -> console` 和 `con -> const`。","控制在顯示建議清單時如何預先選取建議。","按 Tab 時，Tab 完成會插入最符合的建議。","停用 tab 鍵自動完成。","在程式碼片段的首碼相符時使用 Tab 完成。未啟用 'quickSuggestions' 時效果最佳。","啟用 tab 鍵自動完成。","自動移除異常的行結束字元。","忽略異常的行結束字元。","要移除之異常的行結束字元提示。","移除可能導致問題的異常行結束字元。","插入和刪除接在定位停駐點後的空白字元。","使用預設的分行符號規則。","中文/日文/韓文 (CJK) 文字不應該使用斷字。非中日韓的文字行為與一般文字相同。","控制用於中文/日文/韓文 (CJK) 文字的斷字規則。","在執行文字相關導覽或作業時要用作文字分隔符號的字元","一律不換行。","依檢視區寬度換行。","於 '#editor.wordWrapColumn#' 換行。","當檢視區縮至最小並設定 '#editor.wordWrapColumn#' 時換行。","控制如何換行。","當 `#editor.wordWrap#` 為 `wordWrapColumn` 或 `bounded` 時，控制編輯器中的資料行換行。","控制是否應使用預設的文件色彩提供者顯示內嵌色彩裝飾","控制編輯器是否接收索引標籤，或將其延遲至工作台進行流覽。"],"vs/editor/common/languages":["陣列","布林值","類別","常數","建構函式","列舉","列舉成員","事件","欄位","檔案","函式","介面","索引鍵","方法","模組","命名空間","null","數字","物件","運算子","套件","屬性","字串","結構","型別參數","變數","{0} ({1})"],"vs/platform/configuration/common/configurationRegistry":["預設語言組態覆寫","設定要針對 {0} 語言覆寫的設定。","設定要針對語言覆寫的編輯器設定。","這個設定不支援以語言為根據的組態。","設定要針對語言覆寫的編輯器設定。","這個設定不支援以語言為根據的組態。","無法註冊空白屬性","無法註冊 '{0}'。這符合用於描述語言專用編輯器設定的屬性模式 '\\\\[.*\\\\]$'。請使用 'configurationDefaults' 貢獻。","無法註冊 '{0}'。此屬性已經註冊。","無法註冊 '{0}'。已向 {2} 註冊關聯的原則 {1}。"],"vs/platform/contextkey/common/contextkey":["空的內容索引鍵運算式","您是否忘記撰寫運算式? 您也可以分別放置 'false' 或 'true'，以一律評估為 False 或 True。","'not' 後為 'in'。","右括弧 ')'","未預期的權杖","您是否忘記在權杖之前放置 && 或 ||?","運算式未預期的結尾","您是否忘記放置內容金鑰?","預期: {0}\r\n收到: '{1}'。","未預期的權杖。提示: {0}","未預期的權杖。"],"vs/platform/contextkey/common/scanner":["您是指 '{0}'?","您是指 {0} 或 {1}?","您是指 {0}、{1} 或 {2}?","您是否忘記左括弧或右括弧?","您是否忘記逸出 '/' (斜線) 字元? 在反斜線前放兩個反斜線以逸出，例如 '\\\\/'。"],"vs/platform/dialogs/common/dialogs":["是(&&Y)","取消","取消","取消","確定(&&O)","確定(&&O)","取消","...另外 1 個檔案未顯示","...另外 {0} 個檔案未顯示"],"vs/platform/extensionManagement/common/extensionManagement":["延伸模組","喜好設定"],"vs/platform/extensions/common/extensionValidator":["屬性發行者必須屬於 `string` 類型。","屬性 '{0}' 為強制項目且必須屬於 `string` 類型","屬性 '{0}' 為強制項目且必須屬於 `string` 類型","屬性 '{0}' 為強制項目且必須屬於 `object` 類型","屬性 '{0}' 為強制項目且必須屬於 `string` 類型","屬性 `{0}` 可以省略或必須屬於 `string[]` 類型","屬性 `{0}` 可以省略或必須屬於 `string[]` 類型","如果延伸模組沒有 `{1}` 或 `{2}` 屬性，則應該省略屬性 `{0}`。","屬性 '{0}' 只有在屬性 'main' 也定義時才能定義。","`{0}` 屬性可省略，否則必須屬於 `string` 類型","`main` ({0}) 必須包含在延伸模組的資料夾 ({1}) 中。這可能會使延伸模組無法移植。","屬性 `{0}` 可以省略或必須屬於 `string` 類型","`browser` ({0}) 必須包含在延伸模組的資料夾 ({1}) 中。這可能會使延伸模組無法移植。","延伸模組版本與 semver 不相容。","無法解析 'engines.vscode` 值 {0}。請使用範例：^1.22.0, ^1.22.x, 等。","在 `engines.vscode` ({0}) 中指定的版本不夠具體。對於 1.0.0 之前的 vscode 版本，請至少定義所需的主要和次要版本。 例如 ^0.10.0、0.10.x、0.11.0 等。","在 `engines.vscode` ({0}) 中指定的版本不夠具體。對於 1.0.0 之後的 vscode 版本，請至少定義所需的主要和次要版本。 例如 ^1.10.0、1.10.x、1.x.x、2.x.x 等。","延伸模組與 Code {0} 不相容。延伸模組需要: {1}。"],"vs/platform/externalTerminal/node/externalTerminalService":["VS Code 主控台","指令碼 '{0}' 失敗，結束代碼為 {1}","不支援 '{0}'","請按任意鍵以繼續...","'{0}' 失敗，結束代碼為 {1}","找不到終端應用程式 ‘{0}'"],"vs/platform/files/common/files":["未知的錯誤","{0}B","{0}KB","{0}MB","{0}GB","{0}TB"],"vs/platform/files/common/io":["檔案太大，無法開啟"],"vs/platform/files/node/diskFileSystemProvider":["檔案已存在","檔案不存在","無法將 ‘{0}’ 移入 ‘{1}’ ({2})。","無法將 ‘{0}’ 複製到 ‘{1}' ({2})。","檔案不得複製到路徑大小寫不同的相同路徑","要移動/複製的檔案不存在","目標端已有檔案存在，因此除非指定覆寫，否則將不會移動/複製到目標"],"vs/platform/markers/common/markers":["錯誤","警告","資訊"],"vs/platform/theme/common/iconRegistry":["要使用的字型識別碼。如未設定，就會使用最先定義的字型。","與圖示定義建立關聯的字型字元。","小工具中關閉動作的圖示。","移至上一個編輯器位置的圖示。","移至下一個編輯器位置的圖示。"],"vs/platform/userDataProfile/common/userDataProfile":["預設"],"vs/platform/workspace/common/workspace":["Code 工作區"],"vs/workbench/api/common/extHostChatAgents2":["來自提供者的錯誤: {0}"],"vs/workbench/api/common/extHostDiagnostics":["未顯示另外 {0} 個錯誤與警告。"],"vs/workbench/api/common/extHostExtensionService":["無法載入測試執行器。","路徑 {0} 並未指向有效的延伸模組測試執行器。"],"vs/workbench/api/common/extHostLanguageFeatures":["使用 '{0}' 副檔名貼上","捨棄使用 '{0}' 延伸模組"],"vs/workbench/api/common/extHostLogService":["延伸主機 (遠端)","延伸主機 (背景工作角色)","延伸主機"],"vs/workbench/api/common/extHostNotebook":["無法修改唯讀檔案 '{0}'","修改檔案的時間"],"vs/workbench/api/common/extHostProgress":["{0} (延伸模組)"],"vs/workbench/api/common/extHostStatusBar":["{0} (延伸模組)","延伸模組狀態"],"vs/workbench/api/common/extHostTelemetry":["延伸模組遙測{0}"],"vs/workbench/api/common/extHostTerminalService":["在延伸主機上找不到識別碼為 {0} 的終端機"],"vs/workbench/api/common/extHostTreeViews":["識別碼為 {0} 的元件已被註冊"],"vs/workbench/api/common/extHostTunnelService":["私人","公用"],"vs/workbench/api/common/extHostWorkspace":["延伸模組 '{0}' 無法更新工作區資料夾: {1}"],"vs/workbench/api/node/extHostDebugService":["對程序偵錯"],"vs/workbench/common/configuration":["應用程式","工作台","安全性","UNC 主機名稱不能包含反斜線。","無需使用者確認即可允許的一組 UNC 主機名稱 (沒有前置或結尾反斜線，例如 `192.168.0.1` 或 `my-server`)。如果存取 UNC 主機時不被允許透過此設定，或未透過使用者確認認可，就會發生錯誤並停止作業。變更此設定時需要重新啟動。如需此設定的詳細資訊，請參閱 https://aka.ms/vscode-windows-unc。","如果啟用，則僅允許存取 `#security.allowedUNCHosts#` 設定允許或使用者確認之後的 UNC 主機名稱。如需此設定的詳細資訊，請參閱 https://aka.ms/vscode-windows-unc。"],"vs/workbench/common/editor":["文字編輯器","內建","仍要開啟","設定限制"],"vs/workbench/common/views":["檢視","預設檢視圖示。","已經註冊識別碼為 '{0}' 的檢視","未註冊識別碼為 '{0}' 的樹狀檢視。"],"vs/workbench/contrib/debug/common/abstractDebugAdapter":["'{1}' 將於 {0} 毫秒後逾時"],"vs/workbench/contrib/debug/common/debug":["使用中偵錯工作階段的偵錯類型。例如 'python'。","所選啟動組態的偵錯類型。例如 'python'。","焦點偵錯工作階段所處的狀態。下列其中一項:「非作用中」、「正在初始化」、「已停止」或「正在執行」。","偵錯 UX 狀態。當沒有任何偵錯組態時，其為「簡單」，否則為「預設」。用於決定在 Viewlet 中顯示歡迎檢視的時間。","當偵錯工作階段啟動至少一次時為 True，否則為 False。","當偵錯時為 true，否則為 false。","當焦點在偵錯主控台時為 true，否則為 false。","當中斷點編輯器區域小工具可見時為 true，否則為 false。","當焦點在中斷點編輯器區域小工具中時為 true，否則為 false。","當 [中斷點] 檢視是焦點時為 true，否則為 false。","當 [監看] 檢視是焦點時為 true，否則為 false。","當存在至少一個監看運算式時為 true，否則為 false。","當 [變數] 檢視是焦點時為 true，否則為 false","當運算式輸入方塊在 [監看] 或 [變數] 檢視中開啟時為 true，否則為 false。","當輸入方塊在 [中斷點] 檢視中有焦點時為 true。","代表 [呼叫堆疊] 檢視中焦點元素的項目類型。例如: 'session'、'thread'、'stackFrame'","當 [呼叫堆疊] 檢視中的工作階段為附加時，為 True; 否則為 False。會在內部用於 [呼叫堆疊] 檢視中的內嵌功能表。","當 [呼叫堆疊] 中的焦點項目停止時，為 True。會在內部用於 [呼叫堆疊] 檢視中的內嵌功能表。","當 [呼叫堆疊] 檢視中的焦點工作階段正好有一個執行緒時，為 True。會在內部用於 [呼叫堆疊] 檢視中的內嵌功能表。","代表 [監看式] 檢視中焦點元素的項目類型。例如: 'expression'，'variable'","指出在檢視中的項目是否有相關聯的記憶體參照。","代表 [中斷點] 檢視中焦點元素的項目類型。例如: 'breakpoint'、'exceptionBreakppint'、'functionBreakpoint'、'dataBreakpoint'","當焦點中斷點支援條件時為 true。","當焦點工作階段支援 [已載入的指令碼] 檢視時為 true","代表 [已載入的指令碼] 檢視中焦點元素的項目類型。","當焦點工作階段是 'attach' 時為 true。","當聚焦的工作階段執行而未偵錯時為 True。","當焦點工作階段支援 'stepBack' 要求時為 true。","當焦點工作階段支援 'restartFrame' 要求時為 true。","當焦點堆疊框架支援 'restartFrame' 時為 true。","當焦點工作階段支援 'jumpToCursor' 要求時為 true。","當焦點工作階段支援 'stepIntoTargets' 要求時為 true。","當存在至少一個中斷點時為 true。","當至少有一個偵錯延伸模組作用中時為 true。","當已安裝並啟用至少一個偵錯延伸模組時為 True。","代表 [變數] 檢視中，偵錯配接器在焦點變數上設定的內容。","當焦點工作階段支援 'setVariable' 要求時為 true。","當焦點工作階段支援 'setExpression' 要求時為 True。","當焦點工作階段支援在值變更時中斷，為 true。","當聚焦的中斷點支援在存取值時中斷，則為 true。","當聚焦的中斷點支援在讀取值時中斷，則為 true。","當焦點工作階段支援終止偵錯工具功能時，為 True。","當焦點工作階段支援暫止偵錯工具功能時，為 True。","當焦點變數具有 'evalauteName' 欄位集時為 True。","當聚焦的變數為唯讀時為 True。","當例外狀況小工具可見時為 true。","當有 1 個以上的偵錯主控台時為 true。","當有 1 個以上的作用中偵錯工作階段時為 true。","當焦點工作階段支援反組譯碼要求時，為 True。","當反組譯碼檢視為焦點時為 True。","當目前編輯器中的語言支援反組譯碼要求時，為 True。","當焦點堆疊框架有指令指標參考時為 True。","已安裝設定的偵錯類型 '{0}'，但在此環境中不受支援。","控制何時打開內部偵錯主控台。"],"vs/workbench/contrib/debug/node/debugAdapter":["偵錯配接器可執行檔 '{0}' 不存在。","無法判斷偵錯配接器 '{0}' 的可執行檔。","無法從 '{0}' 啟動偵錯配接器。","無法啟動偵錯配接器。"],"vs/workbench/contrib/tasks/common/taskDefinitionRegistry":["實際工作類型。請注意以 '$' 作為開頭的類型皆為內部使用保留。","工作類型的其他屬性","條件必須為 True 才能啟用此類型的工作。請考慮針對此工作定義使用 'shellExecutionSupported'、'processExecutionSupported' 和 'customExecutionSupported'。如需詳細資訊，請參閱 [API 文件](https://code.visualstudio.com/api/extension-guides/task-provider#when-clause)。","工作類型組態遺失需要的 'taskType' 屬性","提供工作種類"],"vs/workbench/contrib/tasks/common/tasks":["目前是否正在執行工作。","工作","錯誤: 工作識別碼 '{0}' 缺少必要屬性 '{1}'。將忽略工作識別碼。"],"vs/workbench/services/configurationResolver/common/variableResolver":["無法解析變數 {0}。請開啟編輯器。","變數 {0}: 找不到 '{1}' 的工作區資料夾。","無法解析變數 {0}。沒有該資料夾 '{1}'。","無法在多個資料夾工作區內解析變數 {0}。請使用 ':' 和工作區資料夾名稱定義此變數的範圍。","無法解析變數 {0}。請開啟資料夾。","因為未指定任何環境變數名稱，所以無法解析變數 {0}。","因為找不到設定 '{1}'，所以無法解析變數 {0}。","因為 '{1}' 是結構化的值，所以無法解析變數 {0}。","因為未指定任何設定名稱，所以無法解析變數 {0}。","無法解析變數 {0}，因為未安裝延伸模組 {1}。","因為未指定任何延伸模組名稱，所以無法解析變數 {0}。","無法解析 {0} 變數。未定義 UserHome 路徑","無法解析變數 {0}。請確認已在使用中的編輯器內選取了行。","無法解析變數 {0}。請確認已在使用中的編輯器內選取了一些文字。","因為命令沒有任何值，所以無法解析變數 {0}。"],"vs/workbench/services/editor/common/editorResolverService":["設定編輯器的 [全域模式](https://aka.ms/vscode-glob-patterns) (例如 `\"*.hex\": \"hexEditor.hexedit\"`)。這些項目會優先於預設行為。"],"vs/workbench/services/extensions/common/extensionsRegistry":["UI 延伸模組類型。在遠端視窗中，這類延伸模組只有在可於本機電腦上使用時才會啟用。","工作區延伸模組類型。在遠端視窗中，這類延伸模組只有在可於遠端上使用時才會啟用。","引擎相容性。","若是 VS Code 延伸模組，則指定與延伸模組相容的 VS Code 版本。不得為 *。例如: ^0.10.5 表示與最低 VS Code 版本 0.10.5 相容。","VS Code 延伸模組的發行者。","VS Code 資源庫中使用的延伸模組顯示名稱。","VS Code 資源庫用來將延伸模組歸類的分類。","使用 '程式語言' 代替","用於 VS Code Marketplace 的橫幅。","VS Code Marketplace 頁首的橫幅色彩。","橫幅中使用的字型色彩佈景主題。","此封裝所代表的所有 VS Code 延伸模組比重。","將延伸模組設為在 Marketplace 中標幟為 [預覽]。","改用 `enabledApiProposals`。","啟用 API 建議以試用。只有在**開發期間才有效**。使用此屬性**無法發布**延伸模組。如需詳細資料，請造訪: https://code.visualstudio.com/api/advanced-topics/using-proposed-api","描述此延伸模組提供的 API。如需詳細資料，請瀏覽: https://code.visualstudio.com/api/advanced-topics/remote-extensions#handling-dependencies-with-remote-extensions","完全放棄匯出任何 API 的能力。這可讓依賴此延伸模組的其他延伸模組在個別的延伸主機處理序或遠端電腦中執行。","VS Code 延伸模組的啟用事件。","當載入某個 viewType 的 Web 檢視時，會發出啟用事件","只要開啟了可解析為指定語言的檔案時，就會發出啟動事件。","只要叫用了指定的命令時，就會發出啟動事件。","只要當使用者將啟動偵錯或是要設定偵錯組態時，就會發出啟動事件。","需要建立 \"launch.json\" 來觸發啟動事件 (並且需要呼叫所有 provideDebugConfigurations 方法)。","每當需要建立所有偵錯組態清單 (以及必須呼叫「動態」範圍的所有 provideDebugConfigurations 方法) 時，就會發出啟用事件。","需要特定類型偵錯工作階段啟動來觸發啟動事件 (並且呼叫相對應 resolveDebugConfiguration 方法)","每次即將啟動具有特定類型偵錯工作階段，而且可能需要偵錯通訊協定追蹤器時，都會發出啟動事件。","只要開啟的資料夾中含有至少一個符合指定 glob 模式的檔案時，就會發出啟動事件。","已在啟動完成之後 (在所有 '*' 啟用的延伸模組皆完成啟用之後) 發出啟用事件。","每當需要列出或解析特定類型的工作時，就會發出啟用事件。","在每次透過指定的配置存取檔案或資料夾時，所發出的啟用事件。","在每次透過指定的配置存取編輯工作階段時，所發出的啟用事件。","在每次透過指定的配置於資料夾中開始搜尋時，所發出的啟用事件。 ","只要展開了指定的檢視時，就會發出啟動事件。","每當指向此延伸模組的全系統 URI 開啟時，都會發出啟動事件。","每當外部 URI (例如 HTTP 或 HTTPS 連結) 開啟時，就會發出啟用事件。","只要出現指定的自訂編輯器，就會發出啟用事件。","當指定的筆記本文件開啟時，就會發出啟用事件。","每當向指定的驗證提供者要求工作階段時，即發出啟用事件。","每當使用筆記本輸出轉譯器時，就會發出啟用事件。","啟動特定終端機設定檔時，會發出啟用事件。","當命令符合與此識別碼關聯的選取器時，會發出啟用事件","開啟指定的逐步解說時發出的啟用事件。","當問題報告程式開啟時，會發出啟用事件。","啟動 VS Code 時發出了啟動事件，為了確保最佳的使用者體驗，請只有在沒有合併其他啟動事件的情況下，才在延伸模組中使用此啟動事件。","要顯示於 Marketplace 擴充頁面資訊看板的徽章陣列。","徽章映像 URL。","徽章連結。","徽章描述。","控制使用市集中的 Markdown 轉譯引擎。可為 github (預設) 或標準。","控制 Marketplace 中的問與答連結。設定為 Marketplace 可啟用預設 Marketplace 問與答網站。設定為字串可提供自訂問與答網站的 URL。設定為 false 可停用所有問與答。","其它延伸模組的相依性。延伸模組的識別碼一律為 ${publisher}.${name}。例如: vscode.csharp。","可以一併安裝的一組延伸模組。延伸模組的識別碼一律為 ${publisher}.${name}。例如: vscode.csharp。","定義延伸模組的種類。`ui` 延伸模組會於本機電腦安裝並執行，而 `workspace` 延伸模組則會在遠端執行。","定義連線至遠端視窗時只能在本機電腦上執行的延伸模組。","定義連線至遠端視窗時，只能在遠端電腦上執行的延伸模組。","定義可在任一端執行的延伸模組，偏好在本機電腦上執行。","定義可在任一端執行的延伸模組，偏好在遠端電腦上執行。","定義無法在遠端內容中執行的延伸模組 (既不在本機，也不在遠端電腦上)。","宣告延伸模組所支援的功能集。","宣告是否應在虛擬工作區中啟用延伸模組。虛擬工作區是未受任何磁片資源支援的工作區。若為 false，將會在虛擬工作區中自動停用此延伸模組。預設為 true。","宣告延伸模組對虛擬工作區的支援層級。","延伸模組將在停用部分功能的虛擬工作區中啟用。","延伸模組將在已啟用所有功能的虛擬工作區中啟用。","虛擬工作區中將不會啟用延伸模組。","說明虛擬工作區如何影響延伸模組行為，以及需要它的原因。只有當「受支援」不是 'true' 時，才加以套用。","宣告在未受信任的工作區中處理延伸模組的方式。","宣告延伸模組對不受信任工作區的支援層級。","延伸模組將在未受信任的工作區中啟用，但某些功能已停用。","延伸模組將在未受信任的工作區中啟用，並啟用所有功能。","未受信任的工作區中將不會啟用延伸模組。","延伸模組所貢獻的設定金鑰清單，不應在未受信任的工作區中使用工作區值。","說明工作區信賴如何影響延伸模組行為，以及需要它的原因。只有當「受支援」不是 'true' 時，才加以套用。","指定使用者可贊助您延伸模組的位置。","使用者可贊助您延伸模組的 URL。它必須是具有 HTTP 或 HTTPS 通訊協定的有效 URL。範例值: https://github.com/sponsors/nvaccess","在封裝作為 VS Code 延伸模組發布前所執行的指令碼。","VS Code 延伸模組的解除安裝勾點。當延伸模組完全從 VS Code 解除安裝時，會在延伸模組解除安裝並重新啟動 (關機並啟動) 時執行的程式碼。僅支援 Node 指令碼。","128 x 128 像素圖示的路徑。","包含當地語系化 (bundle.l10n.*.json) 檔案的資料夾相對路徑。如果您正在使用 vscode.l10n API，則必須指定。","延伸模組的定價資訊。可以是免費的 (預設) 或試用版。如需詳細資料，請瀏覽至: https://code.visualstudio.com/api/working-with-extensions/publishing-extension#extension-pricing-label","個別延伸模組可自由使用的 API 專案。"],"vs/workbench/services/remote/common/tunnelModel":["是否已啟用連接埠檢視。","使用者轉送","已自動轉送","本機連接埠 {0} 無法用於轉送到遠端連接埠 {1}。\r\n\r\n當已有另一個使用本機連接埠的流程時，通常會發生此情況。{0}\r\n\r\n已改用連接埠號碼{2}。","靜態轉送"],"vs/workbench/services/search/common/queryBuilder":["工作區資料夾不存在: {0}"]}