{"zh-tw":{"hash":"844626be778ac4c46007d9d413e950bc","extensions":[{"extensionIdentifier":{"id":"ms-ceintl.vscode-language-pack-zh-hant","uuid":"64d05954-748a-433f-ba3e-edba0227e28e"},"version":"1.85.2024011709"}],"translations":{"vscode":"c:\\Users\\Appedu\\Downloads\\VSCode-win32-x64-1.85.2\\data\\extensions\\ms-ceintl.vscode-language-pack-zh-hant-1.85.2024011709\\translations\\main.i18n.json","ms-vscode.js-debug":"c:\\Users\\Appedu\\Downloads\\VSCode-win32-x64-1.85.2\\data\\extensions\\ms-ceintl.vscode-language-pack-zh-hant-1.85.2024011709\\translations\\extensions\\ms-vscode.js-debug.i18n.json","vscode.bat":"c:\\Users\\Appedu\\Downloads\\VSCode-win32-x64-1.85.2\\data\\extensions\\ms-ceintl.vscode-language-pack-zh-hant-1.85.2024011709\\translations\\extensions\\vscode.bat.i18n.json","vscode.builtin-notebook-renderers":"c:\\Users\\Appedu\\Downloads\\VSCode-win32-x64-1.85.2\\data\\extensions\\ms-ceintl.vscode-language-pack-zh-hant-1.85.2024011709\\translations\\extensions\\vscode.builtin-notebook-renderers.i18n.json","vscode.clojure":"c:\\Users\\Appedu\\Downloads\\VSCode-win32-x64-1.85.2\\data\\extensions\\ms-ceintl.vscode-language-pack-zh-hant-1.85.2024011709\\translations\\extensions\\vscode.clojure.i18n.json","vscode.coffeescript":"c:\\Users\\Appedu\\Downloads\\VSCode-win32-x64-1.85.2\\data\\extensions\\ms-ceintl.vscode-language-pack-zh-hant-1.85.2024011709\\translations\\extensions\\vscode.coffeescript.i18n.json","vscode.configuration-editing":"c:\\Users\\Appedu\\Downloads\\VSCode-win32-x64-1.85.2\\data\\extensions\\ms-ceintl.vscode-language-pack-zh-hant-1.85.2024011709\\translations\\extensions\\vscode.configuration-editing.i18n.json","vscode.cpp":"c:\\Users\\Appedu\\Downloads\\VSCode-win32-x64-1.85.2\\data\\extensions\\ms-ceintl.vscode-language-pack-zh-hant-1.85.2024011709\\translations\\extensions\\vscode.cpp.i18n.json","vscode.csharp":"c:\\Users\\Appedu\\Downloads\\VSCode-win32-x64-1.85.2\\data\\extensions\\ms-ceintl.vscode-language-pack-zh-hant-1.85.2024011709\\translations\\extensions\\vscode.csharp.i18n.json","vscode.css-language-features":"c:\\Users\\Appedu\\Downloads\\VSCode-win32-x64-1.85.2\\data\\extensions\\ms-ceintl.vscode-language-pack-zh-hant-1.85.2024011709\\translations\\extensions\\vscode.css-language-features.i18n.json","vscode.css":"c:\\Users\\Appedu\\Downloads\\VSCode-win32-x64-1.85.2\\data\\extensions\\ms-ceintl.vscode-language-pack-zh-hant-1.85.2024011709\\translations\\extensions\\vscode.css.i18n.json","vscode.dart":"c:\\Users\\Appedu\\Downloads\\VSCode-win32-x64-1.85.2\\data\\extensions\\ms-ceintl.vscode-language-pack-zh-hant-1.85.2024011709\\translations\\extensions\\vscode.dart.i18n.json","vscode.debug-auto-launch":"c:\\Users\\Appedu\\Downloads\\VSCode-win32-x64-1.85.2\\data\\extensions\\ms-ceintl.vscode-language-pack-zh-hant-1.85.2024011709\\translations\\extensions\\vscode.debug-auto-launch.i18n.json","vscode.debug-server-ready":"c:\\Users\\Appedu\\Downloads\\VSCode-win32-x64-1.85.2\\data\\extensions\\ms-ceintl.vscode-language-pack-zh-hant-1.85.2024011709\\translations\\extensions\\vscode.debug-server-ready.i18n.json","vscode.diff":"c:\\Users\\Appedu\\Downloads\\VSCode-win32-x64-1.85.2\\data\\extensions\\ms-ceintl.vscode-language-pack-zh-hant-1.85.2024011709\\translations\\extensions\\vscode.diff.i18n.json","vscode.docker":"c:\\Users\\Appedu\\Downloads\\VSCode-win32-x64-1.85.2\\data\\extensions\\ms-ceintl.vscode-language-pack-zh-hant-1.85.2024011709\\translations\\extensions\\vscode.docker.i18n.json","vscode.emmet":"c:\\Users\\Appedu\\Downloads\\VSCode-win32-x64-1.85.2\\data\\extensions\\ms-ceintl.vscode-language-pack-zh-hant-1.85.2024011709\\translations\\extensions\\vscode.emmet.i18n.json","vscode.extension-editing":"c:\\Users\\Appedu\\Downloads\\VSCode-win32-x64-1.85.2\\data\\extensions\\ms-ceintl.vscode-language-pack-zh-hant-1.85.2024011709\\translations\\extensions\\vscode.extension-editing.i18n.json","vscode.fsharp":"c:\\Users\\Appedu\\Downloads\\VSCode-win32-x64-1.85.2\\data\\extensions\\ms-ceintl.vscode-language-pack-zh-hant-1.85.2024011709\\translations\\extensions\\vscode.fsharp.i18n.json","vscode.git-base":"c:\\Users\\Appedu\\Downloads\\VSCode-win32-x64-1.85.2\\data\\extensions\\ms-ceintl.vscode-language-pack-zh-hant-1.85.2024011709\\translations\\extensions\\vscode.git-base.i18n.json","vscode.git":"c:\\Users\\Appedu\\Downloads\\VSCode-win32-x64-1.85.2\\data\\extensions\\ms-ceintl.vscode-language-pack-zh-hant-1.85.2024011709\\translations\\extensions\\vscode.git.i18n.json","vscode.github-authentication":"c:\\Users\\Appedu\\Downloads\\VSCode-win32-x64-1.85.2\\data\\extensions\\ms-ceintl.vscode-language-pack-zh-hant-1.85.2024011709\\translations\\extensions\\vscode.github-authentication.i18n.json","vscode.github":"c:\\Users\\Appedu\\Downloads\\VSCode-win32-x64-1.85.2\\data\\extensions\\ms-ceintl.vscode-language-pack-zh-hant-1.85.2024011709\\translations\\extensions\\vscode.github.i18n.json","vscode.go":"c:\\Users\\Appedu\\Downloads\\VSCode-win32-x64-1.85.2\\data\\extensions\\ms-ceintl.vscode-language-pack-zh-hant-1.85.2024011709\\translations\\extensions\\vscode.go.i18n.json","vscode.groovy":"c:\\Users\\Appedu\\Downloads\\VSCode-win32-x64-1.85.2\\data\\extensions\\ms-ceintl.vscode-language-pack-zh-hant-1.85.2024011709\\translations\\extensions\\vscode.groovy.i18n.json","vscode.grunt":"c:\\Users\\Appedu\\Downloads\\VSCode-win32-x64-1.85.2\\data\\extensions\\ms-ceintl.vscode-language-pack-zh-hant-1.85.2024011709\\translations\\extensions\\vscode.grunt.i18n.json","vscode.gulp":"c:\\Users\\Appedu\\Downloads\\VSCode-win32-x64-1.85.2\\data\\extensions\\ms-ceintl.vscode-language-pack-zh-hant-1.85.2024011709\\translations\\extensions\\vscode.gulp.i18n.json","vscode.handlebars":"c:\\Users\\Appedu\\Downloads\\VSCode-win32-x64-1.85.2\\data\\extensions\\ms-ceintl.vscode-language-pack-zh-hant-1.85.2024011709\\translations\\extensions\\vscode.handlebars.i18n.json","vscode.hlsl":"c:\\Users\\Appedu\\Downloads\\VSCode-win32-x64-1.85.2\\data\\extensions\\ms-ceintl.vscode-language-pack-zh-hant-1.85.2024011709\\translations\\extensions\\vscode.hlsl.i18n.json","vscode.html-language-features":"c:\\Users\\Appedu\\Downloads\\VSCode-win32-x64-1.85.2\\data\\extensions\\ms-ceintl.vscode-language-pack-zh-hant-1.85.2024011709\\translations\\extensions\\vscode.html-language-features.i18n.json","vscode.html":"c:\\Users\\Appedu\\Downloads\\VSCode-win32-x64-1.85.2\\data\\extensions\\ms-ceintl.vscode-language-pack-zh-hant-1.85.2024011709\\translations\\extensions\\vscode.html.i18n.json","vscode.ini":"c:\\Users\\Appedu\\Downloads\\VSCode-win32-x64-1.85.2\\data\\extensions\\ms-ceintl.vscode-language-pack-zh-hant-1.85.2024011709\\translations\\extensions\\vscode.ini.i18n.json","vscode.ipynb":"c:\\Users\\Appedu\\Downloads\\VSCode-win32-x64-1.85.2\\data\\extensions\\ms-ceintl.vscode-language-pack-zh-hant-1.85.2024011709\\translations\\extensions\\vscode.ipynb.i18n.json","vscode.jake":"c:\\Users\\Appedu\\Downloads\\VSCode-win32-x64-1.85.2\\data\\extensions\\ms-ceintl.vscode-language-pack-zh-hant-1.85.2024011709\\translations\\extensions\\vscode.jake.i18n.json","vscode.java":"c:\\Users\\Appedu\\Downloads\\VSCode-win32-x64-1.85.2\\data\\extensions\\ms-ceintl.vscode-language-pack-zh-hant-1.85.2024011709\\translations\\extensions\\vscode.java.i18n.json","vscode.javascript":"c:\\Users\\Appedu\\Downloads\\VSCode-win32-x64-1.85.2\\data\\extensions\\ms-ceintl.vscode-language-pack-zh-hant-1.85.2024011709\\translations\\extensions\\vscode.javascript.i18n.json","vscode.json-language-features":"c:\\Users\\Appedu\\Downloads\\VSCode-win32-x64-1.85.2\\data\\extensions\\ms-ceintl.vscode-language-pack-zh-hant-1.85.2024011709\\translations\\extensions\\vscode.json-language-features.i18n.json","vscode.json":"c:\\Users\\Appedu\\Downloads\\VSCode-win32-x64-1.85.2\\data\\extensions\\ms-ceintl.vscode-language-pack-zh-hant-1.85.2024011709\\translations\\extensions\\vscode.json.i18n.json","vscode.julia":"c:\\Users\\Appedu\\Downloads\\VSCode-win32-x64-1.85.2\\data\\extensions\\ms-ceintl.vscode-language-pack-zh-hant-1.85.2024011709\\translations\\extensions\\vscode.julia.i18n.json","vscode.latex":"c:\\Users\\Appedu\\Downloads\\VSCode-win32-x64-1.85.2\\data\\extensions\\ms-ceintl.vscode-language-pack-zh-hant-1.85.2024011709\\translations\\extensions\\vscode.latex.i18n.json","vscode.less":"c:\\Users\\Appedu\\Downloads\\VSCode-win32-x64-1.85.2\\data\\extensions\\ms-ceintl.vscode-language-pack-zh-hant-1.85.2024011709\\translations\\extensions\\vscode.less.i18n.json","vscode.log":"c:\\Users\\Appedu\\Downloads\\VSCode-win32-x64-1.85.2\\data\\extensions\\ms-ceintl.vscode-language-pack-zh-hant-1.85.2024011709\\translations\\extensions\\vscode.log.i18n.json","vscode.lua":"c:\\Users\\Appedu\\Downloads\\VSCode-win32-x64-1.85.2\\data\\extensions\\ms-ceintl.vscode-language-pack-zh-hant-1.85.2024011709\\translations\\extensions\\vscode.lua.i18n.json","vscode.make":"c:\\Users\\Appedu\\Downloads\\VSCode-win32-x64-1.85.2\\data\\extensions\\ms-ceintl.vscode-language-pack-zh-hant-1.85.2024011709\\translations\\extensions\\vscode.make.i18n.json","vscode.markdown-language-features":"c:\\Users\\Appedu\\Downloads\\VSCode-win32-x64-1.85.2\\data\\extensions\\ms-ceintl.vscode-language-pack-zh-hant-1.85.2024011709\\translations\\extensions\\vscode.markdown-language-features.i18n.json","vscode.markdown-math":"c:\\Users\\Appedu\\Downloads\\VSCode-win32-x64-1.85.2\\data\\extensions\\ms-ceintl.vscode-language-pack-zh-hant-1.85.2024011709\\translations\\extensions\\vscode.markdown-math.i18n.json","vscode.markdown":"c:\\Users\\Appedu\\Downloads\\VSCode-win32-x64-1.85.2\\data\\extensions\\ms-ceintl.vscode-language-pack-zh-hant-1.85.2024011709\\translations\\extensions\\vscode.markdown.i18n.json","vscode.media-preview":"c:\\Users\\Appedu\\Downloads\\VSCode-win32-x64-1.85.2\\data\\extensions\\ms-ceintl.vscode-language-pack-zh-hant-1.85.2024011709\\translations\\extensions\\vscode.media-preview.i18n.json","vscode.merge-conflict":"c:\\Users\\Appedu\\Downloads\\VSCode-win32-x64-1.85.2\\data\\extensions\\ms-ceintl.vscode-language-pack-zh-hant-1.85.2024011709\\translations\\extensions\\vscode.merge-conflict.i18n.json","vscode.microsoft-authentication":"c:\\Users\\Appedu\\Downloads\\VSCode-win32-x64-1.85.2\\data\\extensions\\ms-ceintl.vscode-language-pack-zh-hant-1.85.2024011709\\translations\\extensions\\vscode.microsoft-authentication.i18n.json","vscode.npm":"c:\\Users\\Appedu\\Downloads\\VSCode-win32-x64-1.85.2\\data\\extensions\\ms-ceintl.vscode-language-pack-zh-hant-1.85.2024011709\\translations\\extensions\\vscode.npm.i18n.json","vscode.objective-c":"c:\\Users\\Appedu\\Downloads\\VSCode-win32-x64-1.85.2\\data\\extensions\\ms-ceintl.vscode-language-pack-zh-hant-1.85.2024011709\\translations\\extensions\\vscode.objective-c.i18n.json","vscode.perl":"c:\\Users\\Appedu\\Downloads\\VSCode-win32-x64-1.85.2\\data\\extensions\\ms-ceintl.vscode-language-pack-zh-hant-1.85.2024011709\\translations\\extensions\\vscode.perl.i18n.json","vscode.php-language-features":"c:\\Users\\Appedu\\Downloads\\VSCode-win32-x64-1.85.2\\data\\extensions\\ms-ceintl.vscode-language-pack-zh-hant-1.85.2024011709\\translations\\extensions\\vscode.php-language-features.i18n.json","vscode.php":"c:\\Users\\Appedu\\Downloads\\VSCode-win32-x64-1.85.2\\data\\extensions\\ms-ceintl.vscode-language-pack-zh-hant-1.85.2024011709\\translations\\extensions\\vscode.php.i18n.json","vscode.powershell":"c:\\Users\\Appedu\\Downloads\\VSCode-win32-x64-1.85.2\\data\\extensions\\ms-ceintl.vscode-language-pack-zh-hant-1.85.2024011709\\translations\\extensions\\vscode.powershell.i18n.json","vscode.pug":"c:\\Users\\Appedu\\Downloads\\VSCode-win32-x64-1.85.2\\data\\extensions\\ms-ceintl.vscode-language-pack-zh-hant-1.85.2024011709\\translations\\extensions\\vscode.pug.i18n.json","vscode.python":"c:\\Users\\Appedu\\Downloads\\VSCode-win32-x64-1.85.2\\data\\extensions\\ms-ceintl.vscode-language-pack-zh-hant-1.85.2024011709\\translations\\extensions\\vscode.python.i18n.json","vscode.r":"c:\\Users\\Appedu\\Downloads\\VSCode-win32-x64-1.85.2\\data\\extensions\\ms-ceintl.vscode-language-pack-zh-hant-1.85.2024011709\\translations\\extensions\\vscode.r.i18n.json","vscode.razor":"c:\\Users\\Appedu\\Downloads\\VSCode-win32-x64-1.85.2\\data\\extensions\\ms-ceintl.vscode-language-pack-zh-hant-1.85.2024011709\\translations\\extensions\\vscode.razor.i18n.json","vscode.references-view":"c:\\Users\\Appedu\\Downloads\\VSCode-win32-x64-1.85.2\\data\\extensions\\ms-ceintl.vscode-language-pack-zh-hant-1.85.2024011709\\translations\\extensions\\vscode.references-view.i18n.json","vscode.restructuredtext":"c:\\Users\\Appedu\\Downloads\\VSCode-win32-x64-1.85.2\\data\\extensions\\ms-ceintl.vscode-language-pack-zh-hant-1.85.2024011709\\translations\\extensions\\vscode.restructuredtext.i18n.json","vscode.ruby":"c:\\Users\\Appedu\\Downloads\\VSCode-win32-x64-1.85.2\\data\\extensions\\ms-ceintl.vscode-language-pack-zh-hant-1.85.2024011709\\translations\\extensions\\vscode.ruby.i18n.json","vscode.rust":"c:\\Users\\Appedu\\Downloads\\VSCode-win32-x64-1.85.2\\data\\extensions\\ms-ceintl.vscode-language-pack-zh-hant-1.85.2024011709\\translations\\extensions\\vscode.rust.i18n.json","vscode.scss":"c:\\Users\\Appedu\\Downloads\\VSCode-win32-x64-1.85.2\\data\\extensions\\ms-ceintl.vscode-language-pack-zh-hant-1.85.2024011709\\translations\\extensions\\vscode.scss.i18n.json","vscode.search-result":"c:\\Users\\Appedu\\Downloads\\VSCode-win32-x64-1.85.2\\data\\extensions\\ms-ceintl.vscode-language-pack-zh-hant-1.85.2024011709\\translations\\extensions\\vscode.search-result.i18n.json","vscode.shaderlab":"c:\\Users\\Appedu\\Downloads\\VSCode-win32-x64-1.85.2\\data\\extensions\\ms-ceintl.vscode-language-pack-zh-hant-1.85.2024011709\\translations\\extensions\\vscode.shaderlab.i18n.json","vscode.shellscript":"c:\\Users\\Appedu\\Downloads\\VSCode-win32-x64-1.85.2\\data\\extensions\\ms-ceintl.vscode-language-pack-zh-hant-1.85.2024011709\\translations\\extensions\\vscode.shellscript.i18n.json","vscode.simple-browser":"c:\\Users\\Appedu\\Downloads\\VSCode-win32-x64-1.85.2\\data\\extensions\\ms-ceintl.vscode-language-pack-zh-hant-1.85.2024011709\\translations\\extensions\\vscode.simple-browser.i18n.json","vscode.sql":"c:\\Users\\Appedu\\Downloads\\VSCode-win32-x64-1.85.2\\data\\extensions\\ms-ceintl.vscode-language-pack-zh-hant-1.85.2024011709\\translations\\extensions\\vscode.sql.i18n.json","vscode.swift":"c:\\Users\\Appedu\\Downloads\\VSCode-win32-x64-1.85.2\\data\\extensions\\ms-ceintl.vscode-language-pack-zh-hant-1.85.2024011709\\translations\\extensions\\vscode.swift.i18n.json","vscode.theme-abyss":"c:\\Users\\Appedu\\Downloads\\VSCode-win32-x64-1.85.2\\data\\extensions\\ms-ceintl.vscode-language-pack-zh-hant-1.85.2024011709\\translations\\extensions\\vscode.theme-abyss.i18n.json","vscode.theme-defaults":"c:\\Users\\Appedu\\Downloads\\VSCode-win32-x64-1.85.2\\data\\extensions\\ms-ceintl.vscode-language-pack-zh-hant-1.85.2024011709\\translations\\extensions\\vscode.theme-defaults.i18n.json","vscode.theme-kimbie-dark":"c:\\Users\\Appedu\\Downloads\\VSCode-win32-x64-1.85.2\\data\\extensions\\ms-ceintl.vscode-language-pack-zh-hant-1.85.2024011709\\translations\\extensions\\vscode.theme-kimbie-dark.i18n.json","vscode.theme-monokai-dimmed":"c:\\Users\\Appedu\\Downloads\\VSCode-win32-x64-1.85.2\\data\\extensions\\ms-ceintl.vscode-language-pack-zh-hant-1.85.2024011709\\translations\\extensions\\vscode.theme-monokai-dimmed.i18n.json","vscode.theme-monokai":"c:\\Users\\Appedu\\Downloads\\VSCode-win32-x64-1.85.2\\data\\extensions\\ms-ceintl.vscode-language-pack-zh-hant-1.85.2024011709\\translations\\extensions\\vscode.theme-monokai.i18n.json","vscode.theme-quietlight":"c:\\Users\\Appedu\\Downloads\\VSCode-win32-x64-1.85.2\\data\\extensions\\ms-ceintl.vscode-language-pack-zh-hant-1.85.2024011709\\translations\\extensions\\vscode.theme-quietlight.i18n.json","vscode.theme-red":"c:\\Users\\Appedu\\Downloads\\VSCode-win32-x64-1.85.2\\data\\extensions\\ms-ceintl.vscode-language-pack-zh-hant-1.85.2024011709\\translations\\extensions\\vscode.theme-red.i18n.json","vscode.theme-solarized-dark":"c:\\Users\\Appedu\\Downloads\\VSCode-win32-x64-1.85.2\\data\\extensions\\ms-ceintl.vscode-language-pack-zh-hant-1.85.2024011709\\translations\\extensions\\vscode.theme-solarized-dark.i18n.json","vscode.theme-solarized-light":"c:\\Users\\Appedu\\Downloads\\VSCode-win32-x64-1.85.2\\data\\extensions\\ms-ceintl.vscode-language-pack-zh-hant-1.85.2024011709\\translations\\extensions\\vscode.theme-solarized-light.i18n.json","vscode.theme-tomorrow-night-blue":"c:\\Users\\Appedu\\Downloads\\VSCode-win32-x64-1.85.2\\data\\extensions\\ms-ceintl.vscode-language-pack-zh-hant-1.85.2024011709\\translations\\extensions\\vscode.theme-tomorrow-night-blue.i18n.json","vscode.tunnel-forwarding":"c:\\Users\\Appedu\\Downloads\\VSCode-win32-x64-1.85.2\\data\\extensions\\ms-ceintl.vscode-language-pack-zh-hant-1.85.2024011709\\translations\\extensions\\vscode.tunnel-forwarding.i18n.json","vscode.typescript-language-features":"c:\\Users\\Appedu\\Downloads\\VSCode-win32-x64-1.85.2\\data\\extensions\\ms-ceintl.vscode-language-pack-zh-hant-1.85.2024011709\\translations\\extensions\\vscode.typescript-language-features.i18n.json","vscode.typescript":"c:\\Users\\Appedu\\Downloads\\VSCode-win32-x64-1.85.2\\data\\extensions\\ms-ceintl.vscode-language-pack-zh-hant-1.85.2024011709\\translations\\extensions\\vscode.typescript.i18n.json","vscode.vb":"c:\\Users\\Appedu\\Downloads\\VSCode-win32-x64-1.85.2\\data\\extensions\\ms-ceintl.vscode-language-pack-zh-hant-1.85.2024011709\\translations\\extensions\\vscode.vb.i18n.json","vscode.vscode-theme-seti":"c:\\Users\\Appedu\\Downloads\\VSCode-win32-x64-1.85.2\\data\\extensions\\ms-ceintl.vscode-language-pack-zh-hant-1.85.2024011709\\translations\\extensions\\vscode.vscode-theme-seti.i18n.json","vscode.xml":"c:\\Users\\Appedu\\Downloads\\VSCode-win32-x64-1.85.2\\data\\extensions\\ms-ceintl.vscode-language-pack-zh-hant-1.85.2024011709\\translations\\extensions\\vscode.xml.i18n.json","vscode.yaml":"c:\\Users\\Appedu\\Downloads\\VSCode-win32-x64-1.85.2\\data\\extensions\\ms-ceintl.vscode-language-pack-zh-hant-1.85.2024011709\\translations\\extensions\\vscode.yaml.i18n.json"},"label":"中文(繁體)"}}