{"vs/base/common/date":["單位為 {0}","現在","{0}秒前","{0} 秒前","{0} 秒前","{0} 秒前","{0} 秒","{0} 秒","{0} 秒","{0} 秒","{0} 分鐘前","{0} 分鐘前","{0} 分鐘前","{0} 分鐘前","{0} 分鐘","{0} 分鐘","{0} 分鐘","{0} 分鐘","{0} 小時前","{0} 小時前","{0} 小時前","{0} 小時前","{0} 小時","{0} 小時","{0} 小時","{0} 小時","{0} 天前","{0} 天前","{0} 天","{0} 天","{0} 週前","{0} 週前","{0} 週前","{0} 週前","{0} 週","{0} 週","{0} 週","{0} 週","{0}個月前","{0} 個月前","{0} 個月前","{0} 個月前","{0} 個月","{0} 個月","{0} 個月","{0} 個月","{0} 年前","{0} 年前","{0} 年前","{0} 年前","{0} 年","{0} 年","{0} 年","{0} 年"],"vs/base/common/errorMessage":["{0}: {1}","發生系統錯誤 ({0})","發生未知的錯誤。如需詳細資訊，請參閱記錄檔。","發生未知的錯誤。如需詳細資訊，請參閱記錄檔。","{0} (總計 {1} 個錯誤)","發生未知的錯誤。如需詳細資訊，請參閱記錄檔。"],"vs/base/common/jsonErrorMessages":["符號無效","數字格式無效","須有屬性名稱","必須有值","必須有冒號","必須為逗號","必須為右大括號","必須為右中括號","必須有檔案結尾"],"vs/base/node/zip":["擷取 {0} 時發生錯誤。檔案無效。","未完成。已找到 {0} 個項目 (共 {1} 個)","在 ZIP 中找不到 {0}。"],"vs/code/node/cliProcessMain":["CLI"],"vs/platform/configuration/common/configurationRegistry":["預設語言組態覆寫","設定要針對 {0} 語言覆寫的設定。","設定要針對語言覆寫的編輯器設定。","這個設定不支援以語言為根據的組態。","設定要針對語言覆寫的編輯器設定。","這個設定不支援以語言為根據的組態。","無法註冊空白屬性","無法註冊 '{0}'。這符合用於描述語言專用編輯器設定的屬性模式 '\\\\[.*\\\\]$'。請使用 'configurationDefaults' 貢獻。","無法註冊 '{0}'。此屬性已經註冊。","無法註冊 '{0}'。已向 {2} 註冊關聯的原則 {1}。"],"vs/platform/contextkey/common/contextkey":["空的內容索引鍵運算式","您是否忘記撰寫運算式? 您也可以分別放置 'false' 或 'true'，以一律評估為 False 或 True。","'not' 後為 'in'。","右括弧 ')'","未預期的權杖","您是否忘記在權杖之前放置 && 或 ||?","運算式未預期的結尾","您是否忘記放置內容金鑰?","預期: {0}\r\n收到: '{1}'。","未預期的權杖。提示: {0}","未預期的權杖。"],"vs/platform/contextkey/common/scanner":["您是指 '{0}'?","您是指 {0} 或 {1}?","您是指 {0}、{1} 或 {2}?","您是否忘記左括弧或右括弧?","您是否忘記逸出 '/' (斜線) 字元? 在反斜線前放兩個反斜線以逸出，例如 '\\\\/'。"],"vs/platform/extensionManagement/common/abstractExtensionManagementService":["未啟用市集","因為有使用者回報 '{0}' 延伸模組有問題，所以無法安裝。","因為 '{0}' 延伸模組已過時，而且找不到替代延伸模組 '{1}'，所以無法安裝。","{1} 中無法針對 {2} 使用 {0}' 延伸模組。","無法安裝 '{0}' 擴充功能的發行版本，因為它沒有發行版本。","因為 '{0}' 延伸模組與目前的 {1} 版本 ({2} 版) 不相容，所以無法安裝。","無法將 '{0}' 延伸模組解除安裝。其為延伸模組 '{1}' 的相依對象。","無法將 '{0}' 延伸模組解除安裝。其為 '{1}' 及 '{2}' 延伸模組的相依對象。","無法將 '{0}' 延伸模組解除安裝。其為 '{1}'、'{2}' 與其他延伸模組的相依對象。","無法將 '{0}' 延伸模組解除安裝。這麼做會將與其相依的 '{1}' 延伸模組與 '{2}' 延伸模組解除安裝。","無法將 '{0}' 延伸模組解除安裝。這麼做會將與其相依的 '{1}' 延伸模組及 '{2}' 和 '{3}' 延伸模組解除安裝。","無法將 '{0}' 延伸模組解除安裝。這麼做會將與其相依的 '{1}' 延伸模組及 '{2}'、'{3}' 和其他延伸模組解除安裝。"],"vs/platform/extensionManagement/common/extensionManagement":["延伸模組","喜好設定"],"vs/platform/extensionManagement/common/extensionManagementCLI":["找不到延伸模組 '{0}'。","請確保您使用包含發行者的完整延伸模組識別碼，例如: {0}","{0} 上安裝的延伸模組:","正在 {0} 上安裝延伸模組...","正在安裝延伸模組...","已安裝延伸模組 '{0}' v{1}。請使用 '--force' 選項以更新至最新版本，或提供 '@ <version>' 以安裝特定版本，例如: '{2}@1.2.3'。","已安裝過延伸模組 '{0}'。","安裝延伸模組時發生錯誤: {0}","無法安裝延伸模組: {0}","已成功安裝擴展 \"{0}\"。","已取消安裝延伸模組 \"{0}\"。","已安裝過延伸模組 '{0}'。","正在將延伸模組 '{0}' 更新至版本 {1}","正在安裝內建延伸模組 '{0}' v{1}...","正在安裝內建延伸模組 '{0}'...","正在安裝延伸模組 '{0}' v{1}...","正在安裝延伸模組 '{0}'...","已成功安裝延伸模組 '{0}' v{1}。","已取消安裝延伸模組 \"{0}\"。","已安裝更新版本的延伸模組 '{0}' v{1}。請使用 '--force' 選項來降級至較舊的版本。","延伸模組 '{0}' 是內建延伸模組，無法解除安裝","使用者已將延伸模組 '{0}' 標示為內建延伸模組。請使用 '--force ' 選項將其解除安裝。","正在解除安裝 {0}...","已成功從 {1} 解除安裝延伸模組 '{0}'!","已成功將延伸模組 '{0}' 解除安裝!","未在 {1} 上安裝延伸模組 '{0}'。","未安裝延伸模組 ‘{0}’。"],"vs/platform/extensionManagement/common/extensionNls":["找不到金鑰 {0} 的訊息。"],"vs/platform/extensionManagement/common/extensionsScannerService":["無法讀取檔案 {0}: {1}。","無法剖析 {0}: [{1}, {2}] {3}。","資訊清單檔案 {0} 無效: 不是 JSON 物件。","無法剖析 {0}: {1}。","格式 {0} 無效: 必須是 JSON 物件。","無法剖析 {0}: {1}。","格式 {0} 無效: 必須是 JSON 物件。"],"vs/platform/extensionManagement/node/extensionManagementService":["因為延伸模組 '{0}' 與 VS Code '{1}' 不相容，所以無法安裝該延伸模組。","未啟用市集","只有市集延伸模組可以重新安裝","移除延伸模組: {0} 時發生錯誤。重新嘗試前請離開並再次啟動 VS Code。","安裝延伸模組 '{1}' 時無法刪除現有的資料夾 '{0}'。請手動刪除該資料夾後，再試一次","將 {0} 重新命名為 {1} 時發生未知錯誤","無法從 {0} 讀取延伸模組","請在重新安裝 {0} 前重新啟動 VS Code。","請在重新安裝 {0} 前重新啟動 VS Code。"],"vs/platform/extensionManagement/node/extensionManagementUtil":["VSIX 無效: package.json 不是 JSON 檔案。"],"vs/platform/extensions/common/extensionValidator":["屬性發行者必須屬於 `string` 類型。","屬性 '{0}' 為強制項目且必須屬於 `string` 類型","屬性 '{0}' 為強制項目且必須屬於 `string` 類型","屬性 '{0}' 為強制項目且必須屬於 `object` 類型","屬性 '{0}' 為強制項目且必須屬於 `string` 類型","屬性 `{0}` 可以省略或必須屬於 `string[]` 類型","屬性 `{0}` 可以省略或必須屬於 `string[]` 類型","如果延伸模組沒有 `{1}` 或 `{2}` 屬性，則應該省略屬性 `{0}`。","屬性 '{0}' 只有在屬性 'main' 也定義時才能定義。","`{0}` 屬性可省略，否則必須屬於 `string` 類型","`main` ({0}) 必須包含在延伸模組的資料夾 ({1}) 中。這可能會使延伸模組無法移植。","屬性 `{0}` 可以省略或必須屬於 `string` 類型","`browser` ({0}) 必須包含在延伸模組的資料夾 ({1}) 中。這可能會使延伸模組無法移植。","延伸模組版本與 semver 不相容。","無法解析 'engines.vscode` 值 {0}。請使用範例：^1.22.0, ^1.22.x, 等。","在 `engines.vscode` ({0}) 中指定的版本不夠具體。對於 1.0.0 之前的 vscode 版本，請至少定義所需的主要和次要版本。 例如 ^0.10.0、0.10.x、0.11.0 等。","在 `engines.vscode` ({0}) 中指定的版本不夠具體。對於 1.0.0 之後的 vscode 版本，請至少定義所需的主要和次要版本。 例如 ^1.10.0、1.10.x、1.x.x、2.x.x 等。","延伸模組與 Code {0} 不相容。延伸模組需要: {1}。"],"vs/platform/files/common/fileService":["無法解析具有相對檔案路徑 '{0}' 的檔案系統提供者","ENOPRO: 找不到資源 '{0}' 的任何檔案系統提供者","無法解析不存在的檔案 '{0}'","覆寫旗標未設定時，無法建立已存在的檔案 '{0}'","無法寫入檔案 '{0}' ({1})","因為提供者不支援檔案 '{0}'，所以無法解除其鎖定。","因為提供者不支援，所以無法以不可部分完成的方式寫入檔案 '{0}'。","因為提供者不支援無緩衝寫入，所以無法以不可部分完成寫入檔案 '{0}'。","無法解除鎖定檔案 '{0}'，因為已啟用不可部分完成寫入。","無法寫入實際為目錄的檔案 '{0}'","修改檔案的時間","無法讀取檔案 '{0}' ({1})","無法讀取實際為目錄的檔案 '{0}'","未修改檔案的時間","因為檔案 '{0}' 太大，無法開啟，所以無法讀取該檔案","當來源 '{0}' 與目標 '{1}' 的路徑大小寫不同，但位在不區分大小寫的檔案系統上時，無法複製","當來源 '{0}' 是目標 '{1}' 的父系時，無法移動/複製。","因為目標 '{1}' 已經存在於目的地，所以無法移動/複製 '{0}'。","因為有檔案會取代 '{1}' 資料夾，所以無法將 '{0}' 移動/複製到該資料夾。","無法建立已存在但不是目錄的資料夾 '{0}'","因為提供者不支援，所以無法透過垃圾筒刪除檔案 '{0}'。","因為提供者不支援，所以無法以不可部分完成的方式刪除檔案 '{0}'。","無法以不可部分完成的方式刪除檔案 '{0}'，因為已啟用使用垃圾桶。","無法刪除不存在的檔案 '{0}'","無法刪除非空白資料夾 ‘{0}’。","無法修改唯讀檔案 '{0}'","無法修改唯讀檔案 '{0}'"],"vs/platform/files/common/io":["檔案太大，無法開啟"],"vs/platform/files/node/diskFileSystemProvider":["檔案已存在","檔案不存在","無法將 ‘{0}’ 移入 ‘{1}’ ({2})。","無法將 ‘{0}’ 複製到 ‘{1}' ({2})。","檔案不得複製到路徑大小寫不同的相同路徑","要移動/複製的檔案不存在","目標端已有檔案存在，因此除非指定覆寫，否則將不會移動/複製到目標"],"vs/platform/languagePacks/common/languagePacks":[" (目前)"],"vs/platform/request/common/request":["網路要求","HTTP","要使用的 Proxy 設定。若未設定，將從 `http_proxy` 和 `https_proxy` 環境變數繼承。","控制是否應根據提供的 CA 清單驗證 Proxy 伺服器憑證。","使用 HTTP Proxy 來覆寫 Kerberos 驗證的主體服務名稱。未設定時，會使用以 Proxy 主機名稱為基礎的預設值。","要針對所有網路要求作為 `Proxy-Authorization` 標頭傳送的值。","停用延伸模組的 Proxy 支援。","啟用延伸模組的 Proxy 支援。","當找不到 Proxy 時，啟用延伸模組的 Proxy 支援。","啟用延伸模組的 Proxy 支援，覆寫要求選項。","為延伸模組使用 Proxy 支援。","控制是否應從 OS 載入 CA 憑證。(關閉此設定後，Windows 和 macOS 都需要重新載入視窗。)","控制是否應啟用來自 OS 的 CA 憑證實驗性載入。這使用的方法比預設的模擬方法更為普遍。"],"vs/platform/shell/node/shellEnv":["無法在合理的時間內解析殼層環境。請檢閱您的殼層設定並重新啟動。","無法解析您的殼層環境: {0}","來自繁衍殼層 (程式碼 {0}、訊號 {1}) 的意外結束代碼"],"vs/platform/telemetry/common/telemetryService":["控制 {0} 遙測、第一方延伸遙測與參與的協力廠商延伸遙測。某些協力廠商延伸可能未遵守此設定。請參閱特定延伸的文件以確認。遙測可協助我們更加了解 {0} 的執行方式、需要改進之處，以及功能的使用方式。","深入了解 [我們收集的資料]({0})。","深入了解 [我們收集的資料]({0}) 和我們的 [隱私權聲明]({1})。","必須重新啟動應用程式，當機報告變更才會生效。","當機報告","錯誤遙測","使用量資料","下列表格會列出每個設定所傳送的資料:","****注意:*** 如果此設定為「關閉」，則不論其他遙測設定如何，都不會傳送任何遙測。如果此設定設定為「關閉」以外的任何設定，且已使用過時設定停用遙測，則不會傳送任何遙測。*","遙測","傳送使用狀況資料、錯誤和當機報告。","傳送一般錯誤遙測和當機報告。","傳送 OS 層級當機報告。","停用所有產品遙測。","遙測","允許收集診斷資料。這能協助我們更好了解 {0} 的表現，以及需要改善的地方。","允許收集診斷資料。這能協助我們更好了解 {0} 的表現，以及需要改善的地方。[深入了解]({1})我們會收集的資料，以及我們的隱私權聲明。","如果此設定為 False，則無論新設定的值如何，都不會傳送任何遙測。已過時，改為 {0} 設定。"],"vs/platform/userDataProfile/common/userDataProfile":["預設"],"vs/platform/workspace/common/workspace":["Code 工作區"]}